text_previous;text_analyzed;category;subcategory_num;subcategory;text_after
[empieza tema de conversación];Hay sitios que va todo el mundo y yo de verdad que quiero saber los entresijos de los personajacos que deben de ir al MediaMarkt.;1. Lexicon and Vocabulary;1.2;Colloquial lexicon and slang;Es que esto tiene que ser maravilloso porque te puedes encontrar de to. De una idea, nos lo va a contar el invitado de hoy.
[empieza tema de conversación];Gente que te intenta regatear, se cree que si se lleva 2 portátiles, se lo voy a, se le va a bajar el precio. Efectivamente, ni que yo fuera el dueño de allí de la tienda. Hermano, si yo me llevo estos 2 portátiles, ¿en cuánto me lo dejas?;3. Pragmatics and Discourse;3.2;Familiar address or vocatives;Efectivamente, ni que yo fuera el dueño de allí de la tienda. Hermano, si yo me llevo estos 2 portátiles, ¿en cuánto me lo dejas? Pues al mismo precio.
[empieza tema de conversación];Esta vez, una de mis regiones favoritas, la región del fish and chips, de la peña con los dientes de aquella manera, de esa gente que todo el mundo habla en su idioma, pero ellos no hablan en el idioma de nadie. Vamos a conocer cómo es Inglaterra.;1. Lexicon and Vocabulary;1.2;Colloquial lexicon and slang;Vamos a conocer cómo es Inglaterra.
[empieza tema de conversación];Tío, ¿quién te enseñó español para hablar tan bien?;3. Pragmatics and Discourse;3.2;Familiar address or vocatives;Hice una carrera de Estudios Hispánicos, por eso hablo español. Aparte de eso, siempre estaba con mis amigos españoles. O sea, estando en Japón, de entre 4 a 7 hablaban en español y era el único japonés en ese grupo hispanohablante.
[empieza tema de conversación];¿La música española te gusta? Sí, Canto del Loco, Amaral, La Oreja de Van Gogh. Esto es muy fuerte, tío.;3. Pragmatics and Discourse;3.2;Familiar address or vocatives;Me encanta. Amaral me parece la mejor artista de España.
[empieza tema de conversación];Como una persona que eres japonés: ¿no te parece como un poco raro que prácticamente todo el mundo esté que no caga con Japón?;1. Lexicon and Vocabulary;1.4;Idiomatic expressions and colloquial phraseology;Sí, la verdad es que sí. Todo el mundo está metido en el tema de animes y viene aquí comprando figuras y todo eso. A mí me parece bien, pero que es raro.
[empieza tema de conversación];Yo trabajaba en un edificio, en una multinacional. Lanzan un comunicado, una agencia de todos superpijos y todos súper moneymakers y aquí somos todos la hostia, pues había un zurullo, tío, un zurullo fuera del váter.;1. Lexicon and Vocabulary;1.5;Informal intensifiers and quantifiers;Eso se hizo viral y todo el mundo, claro, al final los conocemos todos, aunque estéis en agencias diferentes, todo el mundo empezó a hacerse eco, salió hasta en Twitter...
[empieza tema de conversación];Yo voy a abrir un melón. En tus vídeos se critica mucho a los franceses. Yo hoy vengo a defenderles, tío. Son los menos tocahuevos.;1. Lexicon and Vocabulary;1.2;Colloquial lexicon and slang;De verdad, te lo juro, o sea, llegan, te piden su café latte y ya está, y no te dan por culo Pero es que tengo 3 nacionalidades, les metí a un patadón, tengo top 3 Empezando por abajo, los chinos son unos maleducados Y yo les volví a decir Pero bueno, por lo menos nos han pedido en mi cara que te agradece Eso está bien, eh Luego los segundos, bueno, es que están ahí los portugueses y los italianos
[empieza tema de conversación];Era por la mañana, pero te estoy hablando 7 y media. Vemos entrar a una chica y a un chico jovencitos. Se pusieron ahí enfrente de la barra y empezaron a magrearse, a darse unos buenos besitos y nosotras diciendo, bueno, pues bien.;3. Pragmatics and Discourse;3.1;Discourse markers;Limpiando un vaso, sí. Y se estaban comiendo, literal. Se levanta el chico y se va al baño. 30 segundos, se levanta la chica y se va para el baño. Pasa media hora, me da por preguntarle a mi compañera, oye, ¿tú has visto salir a estos 2 de la tienda? Porque no había nadie, yo salgo al baño de los chicos Pone el código y estaban ahí Pasándoselo súper bien
[empieza tema de conversación];Entonces fui, miraba los pisos, era a lo mejor como un bajo a tomar por el culo con humedades 1 habitación asquerosa. Mil euros cada uno. Conseguí llorarle un montón a los de la residencia. Puede que haya un sitio, pero tienes que compartir con 5 israelíes. Me doy con un canto en los dientes.;1. Lexicon and Vocabulary;1.4;Idiomatic expressions and colloquial phraseology;Yo no sabía que Jerusalén iba a hacer un frío que te cagas. No tenía edredón y me pasé, no sé si te digo, a lo mejor los 6 meses durmiendo en el saco de dormir hasta que no me compré una almohada.
[empieza tema de conversación];Había una chica, esta tía era del Reino Unido, y su familia era súper religiosa, pero súper religiosa a lo bestia, protestante. Lo típico de falda hasta los tobillos, nunca había hecho nada con nadie y tal.;1. Lexicon and Vocabulary;1.5;Informal intensifiers and quantifiers;¿Sabes el síndrome de Jerusalén, que es que la gente viene y le da un sentimiento muy heavy de no a Jesucristo? Pues yo creo que le pasa lo contrario, sea, fue heavy metal.
[empieza tema de conversación];¿Y el Cairo qué tal? Está muy guapo como unas pirámides que dices, Dios, es probablemente la cosa más tocha de la humanidad.;1. Lexicon and Vocabulary;1.5;Informal intensifiers and quantifiers;Hicimos una ruta de 14 días. Íbamos a Urgeada y hay un tío muy random que nos empieza a seguir. No me acuerdo ni cómo se llama.
[empieza tema de conversación];Yo me fui de Jerusalén como en julio del 2023 y había muchas tensiones muy heavies. A lo mejor tiraban en un día cinco mil misiles encima de Tel Aviv, que nunca tiran a Tel Aviv.;1. Lexicon and Vocabulary;1.8;Neologisms;A lo mejor tiraban en un día cinco mil misiles encima de Tel Aviv, que nunca tiran a Tel Aviv. Claro, yo me acuerdo muchas veces que a lo mejor estaba donde mi joyero, porque yo tenía allí un joyero en Jerusalén que el tío estaba pinzado de cojones.
[empieza tema de conversación];¿Y tu profesor sigue por allí? Creo que se jubiló ya porque la había estado trabajando muchísimos años en plan en un montón de colegios de todos lados.;3. Pragmatics and Discourse;3.1;Discourse markers;Estuvo en Botsuana. Y yo sí que he mantenido contacto por email. Algún día me gustaría reencontrarme con él.
[empieza tema de conversación];Bueno, pues estaban las gárgolas de las iglesias, tal, tal, tal, tal. Una iglesia en Barcelona que se llama Santilli Pereri, que es una iglesia preciosa, fue bombardeada en la Guerra Civil.;3. Pragmatics and Discourse;3.1;Discourse markers;Hay gente que pregunta que si las gárgolas son cañones para disparar.
[empieza tema de conversación];Hay muchísima gente que se piensa que aquí en España es como que nos educan con que Colón era el salvador y bla, bla, bla. Cuando vienen aquí, yo creo que de buena fe como que nos quieren cambiar totalmente esa visión.;1. Lexicon and Vocabulary;1.7;Onomatopoeia and sound representation;Hay gente que no sabe lo que es Cataluña. Gente de Argentina, México, Colombia. Yo cuando viajo a un sitio, intento mirar un poco dónde voy, ¿no? Hay gente que este paso lo suele omitir y te dice que si Cataluña es la capital de Barcelona.
[empieza tema de conversación];¿Pero Antonio Gaudí sigue vivo? Una polla que te han preguntado si sigue vivo.;3. Pragmatics and Discourse;3.3;Irony and sarcasm ;Y te han dicho algo del tranvía, pero ¿cómo le pude pillar?
[empieza tema de conversación];Una de las cosas que me gusta es el cuñado histórico. Yo lo identifico siempre con las catedrales. Un imán para los cuñados históricos que se pongan delante de una fachada y digan esto es románico, esto es gótico, esto tiene de todo.;3. Pragmatics and Discourse;3.3;Irony and sarcasm ;Gente que le dice a su amigo, a su pareja, lo ves.
[empieza tema de conversación];¿A ti te habrán vacilado los más grandes? Te vacilan sabiendo que te están vacilando.;1. Lexicon and Vocabulary;1.2;Colloquial lexicon and slang;Tú, 10 minutos menos de recreo, ¿qué te dicen con toda la cara? Ey, que me han castigado también.
[empieza tema de conversación];Uno de ellos, por, ejemplo, le llamaban el Patillas, que no sé por qué le llamaban el Patillas, porque no tenía patillas. Era un hombre mayor con mucha mala leche. Venía con su bastón y siempre pasaba por las cajas de autopago.;1. Lexicon and Vocabulary;1.2;Colloquial lexicon and slang;Le tenían prohibido pasar por las cajas normales porque siempre insultaba y agredía a las compañeras con el bastón.
[empieza tema de conversación];Lo mismo. te encontrabas a la señora que decías que llevo 50 años comprando aquí, pero luego, cada vez que venía, te preguntaba dónde estaban los huevos… unas fantasmadas, tío;1. Lexicon and Vocabulary;1.2;Colloquial lexicon and slang;[cambio de tema]
[empieza tema de conversación];Fue una vez una mujer y llevaba un carro de la compra petado hasta arriba. Lo pasé tal y ya me empezó a decir de malas formas, que necesitaba otro carro. Pues, ves a buscarlo, ¿no?;3. Pragmatics and Discourse;3.1;Discourse markers;Oye, estoy pasando la compra, yo no te voy a traer otro carro. Me dijo: ah, que no me lo vas a ir a buscar tú.
[empieza tema de conversación];Había mucha gente que me decía que quería venir de vacaciones a España. Y yo le decía a ti en el aeropuerto, cuando te pregunten, di que vas a Portugal. Y no me pillaban el lore.;1. Lexicon and Vocabulary;1.8;Neologisms;¿Y los niños conocen el lore? Los niños saben que nos conquistaron, sí.
[empieza tema de conversación];Me soltaron un zasca con el tema de novios. Un niño de 13 años que me dejó temblando.;1. Lexicon and Vocabulary;1.2;Colloquial lexicon and slang;Son chavales, entonces yo intentaba encontrar puntos en común con ellos. Y a mí los videojuegos me gustan mucho. Y digo, pues mira, yo juego un poco de todo. Me gusta mucho Assassin's Creed. He jugado al LOL. Me mira fijamente y me dice, ¿tú has jugado al LOL? ¿Tú no tienes novio, ¿verdad?
[empieza tema de conversación];Una de las cosas también muy bonitas de esa edad son los amoríos. ¡Uf, qué puterío! Habían unos baños mixtos en el instituto. Yo en esos baños no entré nunca.;1. Lexicon and Vocabulary;1.7;Onomatopoeia and sound representation;Habían unos que eran en la planta baja. Me da miedo lo que me pueda encontrar en este baño.
[empieza tema de conversación];Ya no es la caca, ya no son los guiris, ya es el ambiente del centro por la noche. Desde los NPCs que te rapean con el micro en plan, no, yo, la chica pelirroja, no sé qué, Está el de Michael Jackson, que lleva como un guante. Es una persona que se le ve que algo no está bien, llevaba como un guante blanco y hacía lo de caminar para atrás.;1. Lexicon and Vocabulary;1.6;References to popular culture and memes;[acaba la conversación]
[empieza tema de conversación];Aquí donde me viese una cámara súper simpática. Lo que pasa es que si me tocas los cojones, hermano, había gente que me decía, no, pero ponme la copa más larga.;3. Pragmatics and Discourse;3.2;Familiar address or vocatives;Le digo, ¿vas a dejar propina? Y yo, sí. Y le digo, pues si tienes para dejar propina, tienes dinero para pagarte otra.
[empieza tema de conversación];Hay una movida que yo le llamo el volcán, que es cuando un váter se atasca, atasca un váter con diarrea, ojo, es jodidísimo. Tienes que estar muy fucked por dentro.;1. Lexicon and Vocabulary;1.8;Neologisms;Y pasa mucho en los váteres que si tú tiras una vez de la cadena, hace como el y luego vuelve a subir un poco, ¿vale? Entonces se queda un poco elevado el nivel del agua.
[empieza tema de conversación];Obviamente, un poquito de postureo de vez en cuando. Un poco de decirte que has ido de vacaciones en tal sitio. Es que una foto bonita no hace daño a nadie. No hace falta no hacer fotos.;2. Non-standard linguistic features;2.2;Colloquial syntactic structures;Estar en una playa de puta madre, le echas una foto a la playa porque hay una puesta de sol impresionante, no hay ningún tipo de problema. Cada uno es libre de hacer lo que quiera como quiera.
[empieza tema de conversación];Una señora mayor que me llama, me dice, la tarjeta que me han robado en un bar, no sé qué, bla, bla, bla. Es que fui a orinar y cuando volví ya no estaba.;1. Lexicon and Vocabulary;1.7;Onomatopoeia and sound representation;Y oigo una voz por detrás que le dice, pero para aquí no le digas que fuiste a orinar.
[empieza tema de conversación];Yo lo cuento así y digo, jajaja, qué gracioso, porque en realidad no le estás haciendo nada malo, porque le estás cambiando la luz. Quiero decir que tampoco es que le estés poniendo la hipoteca de su vida.;1. Lexicon and Vocabulary;1.7;Onomatopoeia and sound representation;Normalmente las ofertas que había eran bastante buenas, pero sí que te ibas diciendo, joder, esta señora me ha llamado por lo de Nefertiti y le he hecho un contrato de luz totalmente innecesario, ¿sabes?
[empieza tema de conversación];Raquel se quedó para nuestros corazones en este canal. Y cada 2 por 3 gente que ha vuelto a ver el vídeo, o gente nueva que ha descubierto los vídeos, dice, ¿cuándo va a volver esta chiquilla? Ha vuelto.;1. Lexicon and Vocabulary;1.4;Idiomatic expressions and colloquial phraseology;¡Hola!
[empieza tema de conversación];Fuimos a casa de un señor, de una pareja británica, muy monos, en la zona más rural de los rurales de los rurales de Burgos. Llevaban como pollas de años ahí.;1. Lexicon and Vocabulary;1.5;Informal intensifiers and quantifiers;[cambio de tema]
[empieza tema de conversación];Son tan orgullosos del francés. Francia lo mejor, los franceses lo mejor, la gastronomía francesa lo mejor y yo me cago en la gastronomía francesa.;1. Lexicon and Vocabulary;1.2;Colloquial lexicon and slang;Es verdad. Yo he estado en restaurantes franceses y todo, comiendo gastronomía allí. Yo he hecho el intento y no está mal.
[empieza tema de conversación];Mira, yo me llamo Iván, para todo aquel que no me conozca. Y como ya he explicado perfectamente, yo he trabajado hablando mal y pronto, dando el coñazo a la gente para intentar que acepten a algún compañero ir a la vivienda.;1. Lexicon and Vocabulary;1.4;Idiomatic expressions and colloquial phraseology;Y ese era mi objetivo, que la gente fuera a la vivienda e intentar vender alarma.
[empieza tema de conversación];La Cruz Roja dijo que iba a denunciar a la policía en mi nombre, que no sé qué. Luego la policía pidió perdón. Una movida más rara, tío. Jódeme más esta vida gitana que tengo, vamos.;1. Lexicon and Vocabulary;1.6;References to popular culture and memes;[cambio de tema]
[empieza tema de conversación];La gente tiene mucho odio contra los franceses y lo entiendo, pero tengo que decir que yo en mi caso desarrollé un odio con la gente italiana. Es como un español, pero en nivel de cuñado como al máximo.;1. Lexicon and Vocabulary;1.6;References to popular culture and memes;Es así, o sea, les encanta montar un escándalo, les encanta hacerse notar borrachos.
[empieza tema de conversación];Vamos a abrir ese melón. En el anterior vídeo hablamos de sitios menos pudientes, ahora estamos hablando de sitios pudientes. Hablamos de colegios privados ultracatólicos en el centro de Madrid, en los cuales yo me he cruzado con la mayor chusma que te puedes imaginar.;1. Lexicon and Vocabulary;1.4;Idiomatic expressions and colloquial phraseology;Era un campamento urbano en el que yo tenía niños de segundo de primaria, en el cual había un niño que su madre trabajaba en el colegio. Pues a ese niño, como la madre trabajaba en el colegio, no se querían juntar con él jugar con él, luego además en ese colegio yo tenía por contrato que yo no podía ni rezañar ni castigar ni quejarme a los padres
[empieza tema de conversación];Una vez, creo que fue el mes de julio más o menos, había un cliente francés. Típico cliente francés de unos 50, 60 años, ¿vale? Que se le abrió el coche y tuvo que contactar con el seguro de Francia. A esto el señor no hablaba ni pipa de español, ¿sabes?;3. Pragmatics and Discourse;3.1;Discourse markers;Me pidió ayuda para traducirle, para contactar con el taller, para saber dónde tiene que llevarlo, a qué hora podía llevarlo, etcétera, ¿vale?
[empieza tema de conversación];Siempre que he grabado algún vídeo en Inglaterra y he pillado a un irlandés o una irlandesa, el comentario estrella que siempre me han soltado en todos los vídeos que he grabado allí ha sido cagarse los muertos de Inglaterra de arriba abajo.;1. Lexicon and Vocabulary;1.4;Idiomatic expressions and colloquial phraseology;Eso es una cosa que tenemos en común los españoles y los irlandeses, odiar a los ingleses.
[empieza tema de conversación];Bueno, antes de pasar la anécdota, yo te tengo que preguntar, porque eso es algo que tiene muchísima fama de la India, de su gastronomía, y sobre todo, de la experiencia de muchos amigos míos que han ido allí, es la primera cagalera.;1. Lexicon and Vocabulary;1.2;Colloquial lexicon and slang;Cuando te vas a un sitio extranjero, lo primero que te dicen es no bebas el agua del grifo, porque no estás acostumbrado, Cuando te vas a un sitio extranjero, lo primero que te dicen es no bebas el agua del grifo, porque no estás acostumbrado, te dicen
[empieza tema de conversación];Los derechos de la mujer a veces dejan bastante que desear. Sigue estando al orden del día que la mujer se quede en casa, tareas del hogar, o sea, lo típico rancio que es eso.;1. Lexicon and Vocabulary;1.4;Idiomatic expressions and colloquial phraseology;Y, por ejemplo, los matrimonios concertados aún existen. Es algo que siempre se ha parodiado en prácticamente casi todas las comedias americanas y británicas.
¿Alguien que no ha habido cojones de entender que haya terminado la conversación y todavía no te haya enterado de qué iba la cosa?;Sí, sí, he tenido algunas. Bueno, bueno, no sé decirte qué, porque no tenía ni puta idea de lo que me estaba diciendo.;1. Lexicon and Vocabulary;1.1;Lexicon of insult;[acaba la conversación]
¿Cómo es la primera vez que llega a Disneyland París?;Es muy mágico todo. También muy top secret. Lo lleva muy a rajatabla el tema de los trabajadores no subir cosas en redes sociales.;1. Lexicon and Vocabulary;1.8;Neologisms;[cambio de tema]
¿Cómo ha sido el cambio de la idea preconcebida que tenías de Alemania a lo que tú has visto ya? Ya no solamente con respecto al colegio e instituto, sino en términos generales. Es un país que lo tenemos muy idealizado.;Yo lo tenía muy idealizado cuando vine, porque te venden la hostia, encontrarás trabajo porque había mucha oferta de trabajo, no sé qué.;1. Lexicon and Vocabulary;1.1;Lexicon of insult;Por ejemplo, en el tema burocrático, estos también le pasan a uno por la cara en Alemania mil veces. O sea, aquí la mayoría de las veces es todo presencial, aun con papeles, o sea, tema de enviar formularios por internet, lo llevan muy regulero.
¿Cuál es la avería típica? Tienen el router apagado, igual el cable de la fibra lo tienen quitado. Llega otro técnico, ve que no hay otro puerto disponible, le quita y se ponen ellos. Se arranca el cable de fibra y se lo cargan.;Muchas veces son animales, los perros se comen el cable de fibra y te comen 60 pavos por rotula de esas. Una vez me tocó también una que estaba súper indignado, o sea, le llamé yo para avisarle de que iba y me empezó a calentar la cabeza como que llevábamos no sé cuánto tiempo, no sé qué.;3. Pragmatics and Discourse;3.1;Discourse markers;Llego y tenían el cable de fibra quitado del router.
¿Ellos saben quién es Carlos I? Sinceramente, yo creo que no tienen ni idea. Que no le dan importancia al emperador más grande del mundo mundial. Escúchame, es el segundo vídeo en el que doy-- me doy cuenta que históricamente nos ningunean.;Tal cual que para ellos, o sea, la idea de España: playa es sol, sangría es fiesta, paella y toros. O sea, tú les enseñas una foto de Asturias o de Galicia, se buguean, dicen: No, esto no es España.;1. Lexicon and Vocabulary;1.8;Neologisms;El primer día que aterricé, me vino a buscar la profesora con la que trabajé en el colegio al aeropuerto y me dijo: Asegúrate de tener amigos españoles, porque si no, no vas a salir de tu casa.
¿Has tenido algún tipo de problema con algún padre? Porque los padres vienen buscando problemas.;He tenido un problema muy gordo con un padre, pero no fue en una tutoría. Porque los padres vienen buscando problemas.;4. Register and Tone;4.1;Hyperbole and exaggeration;[cambio de tema]
¿Hay un cambio tan disruptivo en un cambio de legislatura cuando gobierna un partido y luego otro?;Me encantaría encontrarme como cuando entras en una empresa que te encuentras… El onboarding. … una memoria con todos los proyectos, qué está por hacer, qué queda, qué presupuesto tengo…;1. Lexicon and Vocabulary;1.8;Neologisms;Eso no se hace. He tenido que salir fuera a pedirlo. Preguntas a las personas y tienes la información. Cuando yo me vaya, dejar mi onboarding para que el que venga siguiente, que en 2 días de estudio, 3 días de lectura, se pusiera el día de cuáles eran mis planes, puede estar de acuerdo, puede no estar de acuerdo, pero por lo menos que pueda continuar.
¿La primera experiencia bestia que tuviste?;No me pillo tanto en shock porque yo he trabajado también casi 2 años en un Burger King. Los baños del Burger King es como una especie de mili para esto. O sea, en plan Voy a Afganistán, sí, pero yo ya lo he visto todo.;1. Lexicon and Vocabulary;1.6;References to popular culture and memes;O sea, en plan rollo Pero así basto que dije, joder, para hacer una zona pija, igual no son tan modositos, fue en plan, llego al baño, unas bragas en el suelo, en plan rollo extendidas, había un poco de sangre y no sé por qué, pensé
¿Por qué os vais a Japón? ¿Cómo se toma esa decisión?;Yo tenía ya mi delusion desde los 12 años, siendo básicamente una otaku cerda de mierda, pero una rata mala. Pero claro, de los 12 años a los 22 dices, ¿cómo coño me voy yo a Japón?;1. Lexicon and Vocabulary;1.8;Neologisms;Hago letras, descubrí que había una carrera en Granada, que es lengua moderna, que es la edad japonesa. Y cuando terminamos dijimos, hostia, es que el año que viene como que no queremos hacer un máster.
¿Qué estereotipos tenéis dentro de Japón? Lo típico, los del norte son así, los del sur son así. Los de Tokio somos un poco sosos. Podría decir que se parece un poco a Madrid porque, bueno, al final es la capital.;La mayoría de los humoristas son de Osaka, o sea que se conocen por ser cachondos.;1. Lexicon and Vocabulary;1.2;Colloquial lexicon and slang;"De hecho, hay un vídeo en el que hacen como experimento social. Si haces como este, este gesto y como si estuvieras disparando, a los de Osaka hacen: ¡uh! Y si lo hicieras con los de Tokio, te dirían como: ""¿Qué estás haciendo?"""
¿Qué fuiste, profesor de ciencias?;Profesor de Biología, Física y Química, en el equivalente a segundo de la ESO a segundo de bachillerato. Lo mejor de cada casa. Así que telita.;1. Lexicon and Vocabulary;1.4;Idiomatic expressions and colloquial phraseology;Cuando huelen fuerte ya, ¿eh? Oh, ya ves tú, un colegio británico, que eso está pa guardar el calor. Tú imagínate cómo olía eso.
¿Tú al siendo occidental, blanco, caucásico, te has sentido observado?;Te tratan diferente, a bien y a mal. Te consideran que eres clase alta, te consideran que tienes dinero, entonces te ven como una cartera con patas en ocasiones.;1. Lexicon and Vocabulary;1.4;Idiomatic expressions and colloquial phraseology;No digo todo el mundo, por supuesto, pero muchas veces los comerciantes piensan, oye, voy a intentar encasquetarle y están en todo su derecho.
¿Tú, que tienes amigos españoles que se dedican a lo mismo, esto es algo común?;Claro, lo comenté con los que están en el Gymnasium y ellos me decían: «Hostia, pues a mí eso no me ha pasao nada. Vaya a tener su niño y se lleva una hostia con la mano abierta y cosas así», me decían.;1. Lexicon and Vocabulary;1.2;Colloquial lexicon and slang;Otras experiencias tendrán, obviamente, supongo. Al final, esto es lo que pasa siempre. Si tú tienes distintos tipos de niños y al final son niños que están repitiendo las cosas que ven en su casa y no los mezclas
¿Y el Cairo qué tal?;Hicimos una ruta de 14 días. Íbamos a Urgeada y hay un tío muy random que nos empieza a seguir. No me acuerdo ni cómo se llama.;1. Lexicon and Vocabulary;1.8;Neologisms;Ramadán, Ramadán. Se llamaba Rabadán. Te lo juro por mi madre que se va a Rabadán y era en Rabadán cuando lo conocimos. Era un pesado el tío, que en verdad lo mirábamos con cariño al pobre, pero era un pesado.
¿Y qué pasa con los padres británicos? Que se creen los reyes del mambo. Mi niño me está diciendo que no se entera bien de tus clases. Y yo llegar a la madre y yo decirle: Mira, Cindy, tu niño mira más a la ventana que a mí.;Alguna que otra vez me han echado bronca a mí su directora y mi jefe de estudios. Por favor, que se te nota que eres español.;1. Lexicon and Vocabulary;1.2;Colloquial lexicon and slang;¿Yo qué le hago? ¿Me meto en lejía? ¿Dejo de mirar al sol durante 3 años a ver qué pasa?
A esto el señor, el cliente, venía cada día a recepción, a la misma hora, a preguntar por mí, para llamar al taller, para preguntar cómo iba la cosa. Le preguntaba, pues mira, es que mi cliente está un poco estresado porque no sabe cómo está yendo la reparación;El del taller me suelta, tal cual. Dile a ese gabacho de mierda que no se preocupe, que su coche va a ser listo el viernes a la tarde.;1. Lexicon and Vocabulary;1.6;References to popular culture and memes;Y le digo, le comento al cliente. El viernes a la tarde va a ser listo.
A Gibraltar va el que no puede venir a España ahora con el Brexit porque no tienen visado, no tienen cosas.;También el que está en Gibraltar paga menos. Eso para el inglés, para el que es de aquí, trabaja allí, te follan vivo. Yo hago las 2 declaraciones. Yo trabajando en el McDonald's de Gibraltar pagué 760 euros de hacienda.;1. Lexicon and Vocabulary;1.2;Colloquial lexicon and slang;[acaba la conversación]
A lo mejor tiraban en un día cinco mil misiles encima de Tel Aviv, que nunca tiran a Tel Aviv.;Claro, yo me acuerdo muchas veces que a lo mejor estaba donde mi joyero, porque yo tenía allí un joyero en Jerusalén que el tío estaba pinzado de cojones.;1. Lexicon and Vocabulary;1.2;Colloquial lexicon and slang;Yo no tenía cobertura. Me acuerdo un día que fui para adentro, estuvimos un par de horas hablando, salí, 34 llamadas perdidas, un montón de mensajes, un talillo, ¿qué pasa? Y nada, que habían estado tirando cohetes, que si estaba bien y que si tal.
A ver, que esto no es una cosa aislada, que esto pasa en todos los putos países de todo el mundo, colegios dentro de los guetos, ¿vale?;¿Necesita algún puto método educativo para conseguir rescatar por lo menos unos pocos de esa mierda o hay que resignarse? Ya está, por haber nacido en un sitio estás perdido.;1. Lexicon and Vocabulary;1.1;Lexicon of insult;Se habla con los padres y se intenta recomendar otro colegio, pero muchas veces son los mismos padres que quieren que el niño esté en el colegio más cercano.
Ah, bueno, lo de Xavi.;A esto venía porque luego… El tío lleva gomina en la piscina, bro. El tío lleva gomina en la piscina, que se lo dije a mi compañero, le metí 2 codos y dije, bro, lleva gomina.;3. Pragmatics and Discourse;3.2;Familiar address or vocatives;Tiene medio comprado el Georgie, la empresa entera.
Ah, por cierto, son niños pijos de cojones. Sí, porque en un colegio de estos de Se piensan que no tenemos madres, que somos pobres.;Están como tan completamente comidos con lo que es el dinero y todo eso que se piensan que nos preguntan cuánto cobramos. Me lo pone como en un papel, rollo, me pone tu cobra, no sé cuánto has cobrado.;3. Pragmatics and Discourse;3.1;Discourse markers;Y te lo enseñan así, en plan, así como por debajo, rollo, tu cobra esto. Y yo en plan, niño, que eres un niño de 10 años, ¿sabes lo que te digo, hermano?
Ahora ya más o menos después de tantos años me defiendo bien con el inglés.;El problema es al principio cuando empecé que hay cosas que a ti te piden y tú dices ¿qué coño me está pidiendo este? Unos nuggets, unas patatas, una Coca-Cola normal, un cheeseburger sin cheese y sin onion.;1. Lexicon and Vocabulary;1.8;Neologisms;Y tú decís que también que te pidas una hamburguesa de queso sin cheese y sin onion, que es algo que nunca entenderé del mazón.
Al cabo de los meses, volvió porque el moca furro arrancó el tubo de los aires acondicionaos de estos portátiles y venía pa que se lo reparara y que la garantía se hiciera cargo.;Allí en la tienda te decían que ese tipo de marrones no se le devolvía el dinero, pero claro, cuando viene un tío así desquiciao, tú no quieres tenerlo en la tienda dando por culo todo el santo día, entonces tú lo que tú quieres es quitarlo de en medio.;1. Lexicon and Vocabulary;1.1;Lexicon of insult;Se le hizo la devolución, se le cambia la máquina y fuera.
Al final pones a unos chavalines que no tienen ni idea, tú ponte con 18 años, te vamos a poner un uniforme y te pone con tus 5 colegas, con los que duermes y vives como toda la semana, te ponen con 2 pibas también que una te gusta y la otra no sé qué, y lo que te dará el rifle y de repente viene un niño y te tiene una piedra.;En los checkpoints, claro, es que toda la gente era de mi edad y no es como un servicio militar en Finlandia. Sí, sí, que no es la mili. O sea, te cogen y te mandan a Líbano.;1. Lexicon and Vocabulary;1.3;Lexical shortening and abbreviations;[acaba la conversación]
Allí viene un chaval inmigrante que está un poco perdido porque lleva poco en España y está como muy sujeto a lo que tú le digas y son muy receptivos, te hacen caso todo el rato y después están los niños que están como si fueran, como si estuvieran más cómodos que en su casa.;En su casa tienen 0 educación, no tienen ningún tipo de límites y que lleguen al colegio 1 profesor le diga, siéntate, saca el libro, lo ven como, yo estoy aquí porque me obliga a la ley.;1. Lexicon and Vocabulary;1.2;Colloquial lexicon and slang;Si es que hasta los mismos padres muchas veces no lo llevan al colegio,
Aquí lo que ha empezado a venir en los últimos años a Sevilla es gente que consume Sevilla como si fuese un parque de atracciones. Sangría, paella ¿pero tú te has informado de lo que hay aquí?;O también está el típico que te dice no, no, yo no quiero tourist traps, quiero una experiencia auténtica de aquí. Y tú les ves y dices no sabes lo que estás pidiendo.;1. Lexicon and Vocabulary;1.8;Neologisms;Aparte de que el turismo se ha cargado la típica experiencia digamos de un bar en Sevilla, un bar en Sevilla la gente se pedía una caña y se la bebía de pie en la puerta. Eso ya es inviable.
Bueno, no le voy a responder yo a la pregunta, pero le voy a facilitar yo un contacto para que usted se pueda informar de si al hospital puede acceder el silla de ruedas su madre o no puede. Que no era de pago, porque nosotros miramos siempre que sea gratuito. Y se lo doy.;Me dice, este teléfono es de pago. Le digo, no, caballero, no es de pago. Es de pago. Empeñado yo que no, caballero, que no es de pago. Me muteo y escucho que dice, la subnormal esta que no se entera de nada. Me desmuteo y le digo, pues caballero, lo que va a hacer es buscar a otra subnormal que se entere de algo, ¿eh?;1. Lexicon and Vocabulary;1.8;Neologisms;Venga, muy buenos días. Y creo que sí, que en los hospitales se puede acceder en silla de ruedas.
Bueno, soy tipo de incógnito. Me he dedicado a trabajar en MediaMarkt, pues 2 años y medio.;Me he dedicado a trabajar en MediaMarkt, pues 2 años y medio. Por suerte o por desgracia, donde me ha tocado es justamente el centro de Málaga, justamente en Vialia, donde pasa un montón de gente y donde está todo el tipo de chusma.;1. Lexicon and Vocabulary;1.2;Colloquial lexicon and slang;¿En qué departamento estabas? Yo estaba en como se conoce, nuevos medios, tanto telefonía como informática.
Bueno, yo tengo 20 años, yo aún no estoy en la carrera, yo estoy estudiando Historia, y estoy en los estudios del Museo de Historia de Barcelona para hacer recorridos en los museos. Ahora que ha sido Semana Santa, viene muchísimo turismo nacional. Tú ves a la mujer con ganas de ir y al marido de la mano.;Es como la imagen preciosa y fantástica de decir, anda, mira qué bien, qué ganas va a tener este hombre de escucharme. Y luego seguro que el que más habla es el marido. Unas chapas.;3. Pragmatics and Discourse;3.3;Irony and sarcasm ;Que te lo explican a ti. Claro, y yo soy catalán.
Claro, pero es que tú lo estás observando todo por cámara y por los micrófonos.;Pero a mí lo que más gracia me hace, entre comillas, las familias. Ahí es la hostia.;3. Pragmatics and Discourse;3.3;Irony and sarcasm ;Niños que dices, joder, es que este niño está pasándolo mal en casa, 100 por 100. Y a los padres esos como que les saben muy mal, en plan rollo, joder, puto niño, tenía razón.
Como prioridad, me acuerdo un día, que esto fue un poco choque, ¿no? Porque dije: ¡Ay, hijo! Con la clase de los chiquitos, de 12 años.;Un niño me vio y me dijo: ¿Está usted casada? ¿Tiene usted pareja? Pues a ti te la suda. Estás en clase de español.;1. Lexicon and Vocabulary;1.2;Colloquial lexicon and slang;Y me dijo: Bueno, es que mi padre me dice que me tengo que casar con una española porque son muy hot, calientes.
Cuando vamos de forma temporal, estamos en residencias de Disney. No tenemos que buscar la vivienda.;Las condiciones están muy bien. Esto es exclusivo de trabajadores. Mira qué tipo de merchandising hay. Es esta chaquetita que la ves así y dices que está bien.;1. Lexicon and Vocabulary;1.8;Neologisms;Mira por detrás. Hay mucha gente que lo revende por internet porque los fanáticos de Disney lo compran. Todos los meses Disney saca lotes de como 15 o 20 pins.
De las pocas familias que venían, yo las que me fijaba en los outfits, digo, ¿dónde estoy? Gente que me venía en pijama. Y claro, el acento, yo no entendía nada.;Y el primer día de clase, pues claro, como te meten tanta caña y tienes que mostrar que es así, tú no tienes que pasar ni una del primer momento así súper tan tan tan tan tan.;1. Lexicon and Vocabulary;1.7;Onomatopoeia and sound representation;Pues el primer día del colegio llegas ahí, yo llevo mi presentación, me presento, hago una exposición, a la mínima que yo, hermosa, acento, ¿no? Y claro, sobre todo el impacto del primer día al segundo día era que, por ejemplo, a primera hora les facilitan el desayuno en la cafetería.
Describe lo que es el Kit Kat, por favor.;Kit Kat es una discoteca en la que básicamente se va a follar. O sea, la gente va en pelotas, van hasta el culo, evidentemente, pero luego por dentro mola un montón la decoración, ¿eh?;1. Lexicon and Vocabulary;1.4;Idiomatic expressions and colloquial phraseology;Agradecimiento a la interiorista, maravilloso. Y luego tiene un dragón que escupe fuego, que dices, ¿qué cojones?
Después de haber construido toda tu vida para irte a Japón, llegas a Japón. ¿Qué te parece Japón?;Japón, yo me lo meto por el culo. O sea, Japón es la mejor mierda que yo he pasado en mi vida. Pero tanto lo bueno como lo malo, ¿eh?;4. Register and Tone;4.1;Hyperbole and exaggeration;Que aquí la gente dice, tienes que ver las luces y sombras de Japón porque no sé qué. Está la de Iman que está tumbado perdido.
Dicen que también lo descubres un poco cuando te haces adulto, pero en este mundo más es que todo el mundo se droga.;Yo entraba de becario justo en el aniversario de una agencia, alquilaron un bar, lo vistieron todo entre gringo, latino, de este rollito. Y tío, yo, claro, era mi primer día.;2. Non-standard linguistic features;2.2;Colloquial syntactic structures;Y tío, yo, claro, era mi primer día. Yo había trabajado ese día, a las 5 y media había cortado, fui al bar y de repente llegué y el tío que me había contratado Ofreciéndome un globo Así gigante Con un vapor dentro Y yo Esto es una cámara oculta ¿Me vas a despedir?
El centro de salud, en una zona rural, es un pueblo que tiene población, o sea que no son 200 personas, sí que hay gente, pero hay una zona rural muy extensa y en esa zona no hay tanta gente.;Ves de todo, vas a la casa de fulanito, ves las condiciones en las que vive fulanito, si está solo y tiene los hijos en no sé dónde, no se vale por sí mismo y la casa está no sé cómo y lo ves.;1. Lexicon and Vocabulary;1.2;Colloquial lexicon and slang;También ves lo contrario, ves que la sociedad tiene mucha más cohesión, o sea, todo el mundo se conoce.
El tema novio, novia. Hay muchos problemas con eso. Las típicas.;Que me ha puesto los cuernos, es que es un cabrón, es que se ha ido con 3 de la misma clase, es que se ha ido con la de quinto y el más chico, estas cosas las hay en el colegio;1. Lexicon and Vocabulary;1.4;Idiomatic expressions and colloquial phraseology;[cambio de tema]
El típico padre que quiere regalarle su primer teléfono al niño y tal y que no quiere comprarle una castaña porque es verdad que hay teléfonos que por 100 pavos, mmm, gástate un poco más y te llevas algo mejor. Siempre tu veías que a lo mejor querías financiarlo porque no podía gastarse esos 200 euros, 100 y pico.;Y luego estaba el típico niño que venía con el padre y cogía unos rebotes porque el padre le había comprao un Xiaomi y el niño quería un iPhone y el padre como que te miraba y decía: «Tío, ¿cuánto vale el iPhone más barato? Y como intentaba hacer ver al niño, pero el niño era por cojones que el iPhone.;1. Lexicon and Vocabulary;1.1;Lexicon of insult;Hostia, a mí, por ejemplo, me duele. A mí ese tipo de cosas siempre me ha marcado mucho de que quiere el niño por cojones eso y el padre se lo tiene que comprar porque si no el niño coge el rebote y la lía parda.
El volumen más grande de los que tenemos son bloques enteros de apartamentos. Que no son tantos, son 3 bloques.;Hay de todo. Hay propietarios que les da igual, van a sacar la mayor rentabilidad posible. Pero también tengo propietarios que se cuidan mucho de a quién meten, hablan con ellos antes de aceptar o tienen unos criterios bastante estrictos. Tengo uno, por ejemplo, que solo acepta familias con buenas reviews.;1. Lexicon and Vocabulary;1.8;Neologisms;En el momento en el que ven edades bajas, grupo de amigos y empiezan a ver, uy, esto huele a despedida soltera, por ejemplo, no aceptan.
En el anterior video de Alemania, pues se hablaba de que había muchos inmigrantes en institutos y demás, y que te haya tocado a ti tener niños inmigrantes españoles y que los padres no supieran inglés.;Y tenía también una familia de franceses. Voy a romper una lanza a favor de los franceses. Los franceses eran muy atentos. Los franceses se cuidan mucho entre ellos, como una mente colmena.;1. Lexicon and Vocabulary;1.6;References to popular culture and memes;Eran de los mejores padres que yo he tenido. Los peores, los británicos.
En el colegio te encuentras un contraste muy grande entre niños que viven ahí porque llevan todas sus generaciones viviendo ahí y no tienen necesidad de salir,;Después, familias más normativas, digamos, que vienen buscando lo mejor que pueden, pero acaban en esos colegios, en ese contraste de niños súper buenos, súper bonitos. Allí no hay término medio.;1. Lexicon and Vocabulary;1.5;Informal intensifiers and quantifiers;Allí viene un chaval inmigrante que está un poco perdido porque lleva poco en España y está como muy sujeto a lo que tú le digas y son muy receptivos, te hacen caso todo el rato y después están los niños que están como si fueran, como si estuvieran más cómodos que en su casa.
En Francia es que daba igual cómo hicieses estas clases porque se te dormían en clase. No te prestaban atención, no te contestaban, no te hacían caso, no te decían nada.;Y yo me tiraba un fin de semana entero preparando clases y currándomelas y trabajando y haciendo PowerPoint y preparando escape rooms para que luego en clase se me durmiesen 5, 7 estuviesen hablando, 3 no me estuviesen escuchando 2 me estuviesen abortando la clase.;1. Lexicon and Vocabulary;1.2;Colloquial lexicon and slang;Entonces se nota ese déficit de atención. Se nota mucho, mucho.
En nuestra tienda había 10 cajas. Lo que hay en el suelo detrás de las cajas, pues tú no te das cuenta.;"Viene un día un señor y dice: ""Os acaban de robar entre las cajas, que se ha arrastrado por el suelo de las cajas y se ha pirao el tío robando"".";2. Non-standard linguistic features;2.1;Non-standard pronunciation;Qué ha cogido del supermercao pa poder hacer eso, porque ahora- Y es saber qué cojó, qué cogió, pero es que también que te intentan distraer por la espalda.
Entre que tienes tan normalizado, familias desestructuradas y que ellos mismos son chicos, te cuentas con toda la tranquilidad. O a mi padre se peleó allí con uno en el barrio, está en el hospital.;Fue una superexagerada, pero las propias familias se tienen que ir de los barrios porque tienen problemas. No los niños, sino los padres con otras familias. Y cambian de colegio, el niño ya, pues lo que lleve mínimamente aprendido, ahora se resetea.;4. Register and Tone;4.1;Hyperbole and exaggeration;Que cualquier cosa que te puedas imaginar, te la han contado.
Era increíble ver los exámenes, porque era un examen de ciencias traducido a lo que sería un examen de inglés aquí. Rellena huecos, escríbeme esto;Los problemas están mismos por puntos. Si haces una cosa, tiene un puntito. Si haces una cosa, tiene otro puntito. Allí se lo dan mascaísimo.;1. Lexicon and Vocabulary;1.2;Colloquial lexicon and slang;[cambio de tema]
Era un evento que lo había patrocinado a Cruz Roja. Que se vengan algunos que vendan cupones. Mandaron a los 3 mejores.;Ese día me hice récord de media España de Cruz Roja, creo que fue, tío. 218 cupones en un día. O sea parecía eso, tío, lleno de coches de que digo, hermano, tío, aquí cada cual caga más dinero. Y yo, pues depende del sitio, tengo un speech.;1. Lexicon and Vocabulary;1.8;Neologisms;Por ejemplo, en Torremolinos, yo soy gay. Cuando veo a alguien muy Este no le gusta a Pedro Sánchez, pues yo soy de VOX. Cuando veo a uno que digo, mira, este es un poquillo perro flauta, pues yo soy republicano a muerte, ¿sabes?
Eres un agente del caos, me encanta;Al final se supone que no puedes insultar porque queda feo, aunque sí que reconozco que a veces me han mandado a la mierda. Y yo he mandado a la mierda también.;1. Lexicon and Vocabulary;1.1;Lexicon of insult;O a algún cliente le he llamado gilipollas y me ha insultado. Ha empezado diciendo: gilipollas, y yo ante todo, soy honesto.
Es como muy típico tener vergüenza por preguntar por ciertos productos. Hay que lanzar un mensaje a la gente.;No hay que tener vergüenza a la hora de preguntar, porque te preguntan cada chorrada que hay que ir con desvergüenza absoluta.;1. Lexicon and Vocabulary;1.2;Colloquial lexicon and slang;Estar delante de los champús y que te pregunten dónde están los champús, hijo mío. Yo lo entiendo, porque al final es un insulto a la propia inteligencia.
Es curioso, o sea, a ver, no dista mucho de lo que podría ser una discoteca aquí en España, por ejemplo, ¿no? En la discoteca sí que se nota los ricos que están allí en sus reservados.;Te hacen todo el espectáculo cuando pides una botella de Don Periñón o lo que sea de champán. Que son Madrid estándar, también te diré. Esto es capi. Muchos pequeños Nicolases indios seguramente Hay mucho Froilán indio Sí, no sé, supongo que será ir viendo pie por pie ver quién tiene agujeros o no;1. Lexicon and Vocabulary;1.6;References to popular culture and memes;Cogen y delante Cuando ya les está mirando todo el mundo Después del espectáculo, cogen las botellas de champán Cogen una palangana y empiezan a volcar las enteras Dentro de la palangana Y luego nos van a beber, se las llevan y las tiran Chulería pura Cuando ves esto comparado con la realidad que existe en la calle Nos quedamos flipados cuando llegamos el primer día que salimos
Es muy detective, es como mi trabajo. O sea, que dices tú, ¿qué ha ocurrido? Porque hay sangre en esta pared y a la vez bragas, ¿sabes?;Yo entiendo lo que dices, lo del tema de la megadestrucción de un váter. O sea, que dices, diarrea de esta de pa-pa-pa-pa-pa-pa por todo el váter que digo, te has tenido que manchar la espalda.;1. Lexicon and Vocabulary;1.7;Onomatopoeia and sound representation;La peña yo creo que se va orgullosa de lo que ha hecho. Nada de me voy a ir corriendo, no, no.
Es que yo tengo ahí una anécdota muy graciosa, porque imagínate que el técnico justamente había llegado a su jornada, ya venía quemao y vino un señor a decirle que, por favor, que le pusiera el porno. Es decir, con su teléfono, que le cogiéramos y le pusiéramos una página porno pa que se dedu-- eh;Claro, tú imagínate un viejo, mi compañero peleándose con él, otro hombre justamente detrás puteando a mi compañero porque decía que el teléfono le iba mal y Santa Lucía le había dicho que la reparación tenía que ser por parte de ellos.;1. Lexicon and Vocabulary;1.1;Lexicon of insult;Tú imagínate, en un momento va que ta-- como esa persona entró, lo que le llegó. Caballero, que yo no le pongo el porno, aquí no estoy para ponerle el porno, que yo estoy para repararle el teléfono, yo para ponerle el porno no se lo pongo.
Es que, claro, al final, yo, al haberlo pasado tan mal, teniendo depresiones tan grandes, siendo autista, que afecta mucho a cómo percibes el mundo, que no es lo mismo que el resto, yo tuve que buscarme unas herramientas que dije: si me tengo que quedar en este mundo, tiene que ser así.;Entonces me he capado de cosas que simplemente no me producían ningún bien, y la mentalidad, sobre, todo, que mucha gente tiene de voy a alcanzar el trabajo de mis sueños o un trabajo que me dé mucho dinero. Creo que más importante que incluso el dinero o el trabajo de tus sueños es encontrar un trabajo en el que tú te veas a gusto. Puede ser algo que sea ni fu ni fa, ¿sabes?;1. Lexicon and Vocabulary;1.4;Idiomatic expressions and colloquial phraseology;Pero que digas: joder, yo llego a mi trabajo. no llego con ganas de morirme. no salgo con ganas de morirme. salgo con ganas de mi tiempo libre y gestionarte, tío, y gestionarte luego ya.
Es un sistema de segregación que flipas. Hablamos de Alemania.;Me río porque es como: «Bueno, todos sabemos la movida, ¿no? Eh, no hace falta mencionar, ¿no? Venga, a Alemania, ¿no?» Dices: «Coño, no hemos aprendido nada, cago en la puta.;3. Pragmatics and Discourse;3.1;Discourse markers;Algo sí ha mejorao, ¿no? Sí, ahora están en clase.
Espérate, ¿estamos enfocando este vídeo como una reconciliación con Francia?;Odian menos que hables en español con ellos que hables en inglés. A los ingleses les tienen una tirria.;1. Lexicon and Vocabulary;1.2;Colloquial lexicon and slang;[acaba la conversación]
Está súper bien conocer lo que hay fuera, pero también está muy bien conectar con lo que tienes cerca. O sea, volver y no ser una extraña.;Invertir tiempo en crear esa conexión con tu entorno también es muy importante. No lo visibilizamos lo suficiente en plan de ¡guau, qué guay, se va por el mundo, es brutal, es una hostia!;1. Lexicon and Vocabulary;1.7;Onomatopoeia and sound representation;Sí, pero también es brutal trabajar la cohesión con tu familia, con tu círculo de amigos, de amigas.
Estamos haciendo clases de música y hay un banquito al lado que yo dejé en mi mochila y el móvil tal como me lo saqué del bolsillo lo puse encima.;Y pasa una clase de quinto que vendría en educación física o no sé qué un chaval con el que no habla ni nada me dice, yo que tú me guardaba el móvil. Y a mí me quedo impactado, no de, hostia, que me lo vayan a robar, sino cómo de asumido tienes que tener el concepto de robar como para que recomiendas a un prospecto, guárdalo porque es que te lo van a robar porque no sé qué.;1. Lexicon and Vocabulary;1.1;Lexicon of insult;[cambio de tema]
Este es un desquiciao.;¿Ahí como tienes que salir del paso? Te tienes que inventar todo lo que tú puedas porque el tío está como una puta cabra pegando porrazos y tú lo que quieres es lárgate lo más pronto posible.;1. Lexicon and Vocabulary;1.2;Colloquial lexicon and slang;Le salió denegado, se lo expliqué, tal, no lo entendió, salió cabreao. Al cabo de los meses, volvió porque el moca furro arrancó el tubo de los aires acondicionaos de estos portátiles y venía pa que se lo re-- pa que la garantía se hiciera cargo.
Estoy hablando de cosas que para mí son importantes, como de mi cultura o cosas que igual son un poco serias.;Por ejemplo, sí que me hicieron hablar un poco de la guerra civil o una clase que tuve que hablar de la dana de Valencia. Y claro, yo estar hablando de algo que para mí puede ser un poco complicado y tener a un chaval al lado que está todo el rato haciendo coñas y metiéndose contigo, pues para mí eso era horrible.;1. Lexicon and Vocabulary;1.1;Lexicon of insult;Era más porque se la sudaba todo, él lo que quería era dejar el colegio, pero no le dejaban.
Estuvimos ahí grabando un pequeño anuncio con los Javis. Fue terminar el anuncio y desaparecieron todas las botellas. Todas es todas, ¿eh?;Una de las cosas, tío, que me quedó también muy claro, dicen que también lo descubres un poco cuando te haces adulto, pero en este mundo más es que todo el mundo se droga.;2. Non-standard linguistic features;2.2;Colloquial syntactic structures;Yo entraba de becario justo en el aniversario de una agencia, alquilaron un bar, lo vistieron todo entre gringo, latino, de este rollito. Y tío, yo, claro, era mi primer día. Yo había trabajado ese día, a las 5 y media había cortado, fui al bar y de repente llegué y el tío que me había contratado Ofreciéndome un globo Así gigante Con un vapor dentro Y yo esto es una cámara oculta ¿Me vas a despedir?
Fue un poco después, a posteriori, como que se decidió y a todo el mundo le gustó la idea y fue como… Bueno, grabad sin el porro, por si acaso. Por si acaso tenemos la toma doble, sí.;A ver, es que en la publi el tema de la droga es bastante curioso, ¿eh? Joder, hasta que no te enfrentas a gente que de verdad va todos los días puesta, no entiendes cómo funciona realmente, porque mucha gente se cree rockstar.;1. Lexicon and Vocabulary;1.3;Lexical shortening and abbreviations;En la publi mueve mucha pasta. Claro, hay gente que se le queda todavía el tío, pues yo me meto una por la mañana y me voy a la oficina, ¿sabes?
Hace poco, tío, me vino una clienta a devolverme un zapato. Yo cogí el zapato, le di la vuelta y venía llenito de arena de la playa. Y me dice la tipa que es que en su casa hay arena. Ya, pero es que esto se lo ha puesto.;Me dejó todo lleno de arena y me seguía insultando, tío. Cansada de que gritara, la pedí que se fuera. Y tuvo que venir el de seguridad a decirla que se fuera o que dejara de gritar. Se van a un centro donde no haya mi marca y allí, claro, como no es suyo, no se molestan, ven que el ticket es de otro centro, pim pam, luego te lo mandan por traspaso y te llega el producto, pues hecho una mierda.;1. Lexicon and Vocabulary;1.7;Onomatopoeia and sound representation;[acaba la conversación]
Hay 2 cosas que me llaman la atención y creo que fue de los primeros 2 años cuando aún no estaba acostumbrada a cómo era Irlanda y tal.;Pues estábamos de fiesta y al volver, lo típico, porque allí todos los bares y todas las discotecas cierran a las 2 de la mañana. A las 2 de la mañana, a tu puta casa. Y ahí ya van los irlandeses como los grecos, o sea, van súper mercedora.;1. Lexicon and Vocabulary;1.6;References to popular culture and memes;Porque llevan bebiendo desde las 5 de la tarde y no se controlan.
Hay un estereotipo sobre cómo los indios hablan en inglés.;Hay mucha A ver, no te rías, porque nosotros tampoco los españoles somos pa' tirar cohetes, ¿vale?;2. Non-standard linguistic features;2.1;Non-standard pronunciation;Hablan muy bien inglés, o sea, realmente es idioma oficial también a nivel nacional, entonces es algo que está bastante extendido.
Hay un estrés generalizado a la hora de comprar que no, no puede ser.;No entiendo la mentalidad que tenemos de que el Mercadona es barato porque no hacen ofertas ni pa atrás.;2. Non-standard linguistic features;2.1;Non-standard pronunciation;O sea, tú vas al Carrefour o vas a no sé dónde, el 3 por 2. Tienes algún tipo de incentivo. Si vas con la tarjetilla tuya deee, de acumulación de puntos, te descuentan no sé cuánto en el producto de que sea. En el Mercadona, no.
Hay una anécdota que siempre cuento, como es trabajar con famosos.;Cuando haces una campaña, obviamente, siempre tiras de creadores de contenido o famosos, ya sea un futbolista, músicos. Y para una campaña que hicimos con Exhibit, un rapero muy famoso, que más se conoce por haber tuneado coches, hicimos una campaña muy guay con él, el tío majísimo, fue encantador, pero joder, nos pidió un bolsón de marihuana.;4. Register and Tone;4.1;Hyperbole and exaggeration;Sí, no, no me sorprendió, la verdad. Pero yo cuando vi alguna bolsa así dije que son 2 días de campaña, me refiero. No te da tiempo.
Hola. Soy José. Me dedico a gestionar pisos turísticos. Bueno, más que gestión, a lo que es el check-in.;Me abriste el MD como diciendo, me dedico a esto, pero que tampoco es santo de mi devoción;1. Lexicon and Vocabulary;1.4;Idiomatic expressions and colloquial phraseology;A mí fue un salvavidas económico. De hecho, estoy terminando un máster habilitante para lo mío, que es psicología, y deseando estoy de soltar esta mierda.
Hoy estoy más malo que el copón y aquí tengo pa bebermela mientras estamos grabando el vídeo.;Hoy vamos a hablar de ese supermercao donde tú ibas a comprar hace un añillo porque era más barato que el copón y ahora es más caro que la Virgen.;2. Non-standard linguistic features;2.1;Non-standard pronunciation;Vamos a descubrir los secretos del Mercadona.
Hoy vamos a hablar con una persona que trabaja en un sitio donde no son 37, pero casi. Vamos a conocer cómo es trabajar en el ciervo de las estrellas.;Hola, yo me llamo Claudi y efectivamente trabajo en Starbucks donde pagas 37 euros porque te saquen un riñón y digan tu nombre. Y encima ya ni lo apuntamos.;4. Register and Tone;4.1;Hyperbole and exaggeration;¿Ah, no apuntáis el nombre? No, ya la gracia de apuntarse quito hace tiempo, ahora va todo con etiquetas.
Imagínate la situación después de el bum que tuvo el churumbel, que aparecía por todos lados.;Aparece el churumbel por la puerta, pasando y diciendo: ¿A quién le toca la patata caliente? Porque tú imagínate, aguantar a ese tío, tela;1. Lexicon and Vocabulary;1.2;Colloquial lexicon and slang;El churumbel llega: vengo pa financiar, no sé qué. Claro, tú tienes que pedirle ciertos datos: nombre, DNI, correo electrónico, ese tipo de cosas. Por suerte, venía con la madre, que la pobrecita mía aguanta eso
La cosa más típica sería que pueda servir a la gente que está viendo este vídeo y decir, oye, ten cuidado con esto. Lo veo todos los putos días o lo veo todas las semanas, ten cuidado.;Estafas. Y hay que tener mucho cuidado porque son muy hijos de puta, ¿eh? Al principio puedes decir, bueno, es que esto cae los tontos, ¿no? De lo difícil no cae.;3. Pragmatics and Discourse;3.1;Discourse markers;Típico de te mandan un mensaje, tu le das. Eso todavía es fácil, relativamente fácil de evitar, pero ya cuando te mandan un mensaje que te viene desde el número de teléfono de tu banco. Igual que el de tu banco, sin faltas de ortografía raras, que antes las descubríamos por eso.
La educación alemana prepara a los alemanes para que vengan aquí.;Para que después vengan a Mallorca, se compren su casa y hay un barrio en Mallorca que esté todo escrito en alemán. Me sabe mal decirlo, porque digo: Coño, no, son estereotipos, vamos a romper los estereotipos, pero es que no pueden.;1. Lexicon and Vocabulary;1.1;Lexicon of insult;En Navidad quisimos hacer como unas guirnaldas para decorar la escuela, ¿no? Y bueno, como somos una asignatura de español, pues queríamos hacer algo, yo qué sé, con Feliz Navidad. Y la profe me dijo: Pues podemos pintar toros.
La gente que es tranquila, que quiere guardar con calma y tal, hay veces que también le sabe mal perjudicar al resto. Entonces, se ponen hipermega nerviosos, estresaos. Y dices: «Que no pasa nada, hombre, ya te ayudo yo mismo a guardar en las bolsas».;Un señor estaba recogiendo las cosas mientras hablaba por teléfono con una mano y luego iba guardando tranquilamente con la otra. Y había un señor por detrás que supongo que no tendrá tanta paciencia: «Gilipollas, imbécil».;1. Lexicon and Vocabulary;1.1;Lexicon of insult;Vamos a descubrir los secretos del Mercadona.
La gentrificación se está adueñando de los sitios que debían ser para nosotros. Nos lo ponen difícil para que seamos realmente nosotros el público objetivo.;Y al final el centro está petado de guiris en general, que al final también entiendo que eso mueve dinero y es lo que nos da de comer, pero que deberíamos adueñarnos nosotros también de nuestro propio espacio y disfrutarlo.;1. Lexicon and Vocabulary;1.2;Colloquial lexicon and slang;Los locales que han sido toda la vida para nosotros, en plan la Vía Láctea, por ejemplo, mi madre conocía la Vía Láctea o el Chapandán.
La misma cosa, tío, también a tener en cuenta.;Y que a mí me dio mucha rabia cuando entré en la industria, y es que es una industria que yo siento muy clasista. Ya no solo por con quien trabajas y todo eso, sino por el propio acceso. Joder, si vives en Madrid o en Barcelona, que es la ciudad donde está todo, cuando te tienes que venir aquí, tío, tienes que estudiar el máster, que además es un máster que se ha sacado de debajo de la manga.;2. Non-standard linguistic features;2.2;Colloquial syntactic structures;Es un máster privado que no existe, no está regulado ni nada. Hay muchas escuelas que lo hacen, está muy guay, es verdad que te enseñan el oficio, pero joder. Después de pagar 4 años de carrera, igual podríamos ahorrarnos, ¿no? Ahorrarnos los cinco mil o diez mil euros que vale ese máster.
La oficina donde trabajábamos estaba al lado del templo al dios Hanuman, que es el dios mono. Tienen un concepto en ese templo de dejar que los monos pasen, coman, entonces es como un poco adoración.;Estos monos, que van en manadas, 30 o 40 monos, a lo mejor, saltaban a la zona de la embajada. Tú los ves de lejos y dices, joder, qué majos, tal, o sea, veías a los monos a las madres con los monos enganchados aquí, veías a los monos grandes que parecían a veces albóndigas, ¿sabes? En plan, de lo gordos que estaban.;4. Register and Tone;4.1;Hyperbole and exaggeration;De hecho, una anécdota que tuve, 3 de la tarde, estaba echándome un cigarro abajo, estaban todos los monos jugando, tal, no sé qué, y yo así de lejos, un poco, como a 5 o 10 metros, y de repente estaban 2 monitos pequeños jugando.
La semana que viene tenemos Open School, que vienen los padres a ver cómo dan clases los niños. Y los graban con el móvil. Mira, mi niño, que se sabe el A, B, C, D. En plan, se sientan como al fondo de la clase en un montón de sillas y se quedan así, rollo, 2 horas grabándote viva mientras tú le enseñas al chiquillo.;Que tú ahora nos veas así en plan con las pintas y todo eso. Yo cuando voy a trabajar cada día me tengo que quitar los nostros y me escondo el septum. Me tengo que poner unas fajas. O sea, hacer el play pretend de tu puta vida. Ropa así como medio formalilla, no sé qué...;3. Pragmatics and Discourse;3.1;Discourse markers;[acaba la conversación]
La situación así que más me calentó fue mis primeras Navidades, una cola del copón que me llegó un tío, se me intentó colar delante de 25 personas. Le dije que no iba a atenderlo, que se esperara el turno y cuando llegase el turno, me pegaba con él, si hacía falta, 35 minutos, pero que yo delante de 25 personas no resolvía dudas.;Llegó un momento dado que me dijo: Si al final la sangre va a llegar al río. Ya me calenté, le pegué un porrazo a la mesa y le digo: Mira, no tengo ganas de aguantarte ni a ti ni a las tonterías que tú tienes.;1. Lexicon and Vocabulary;1.5;Informal intensifiers and quantifiers;Ni la sangre va a llegar al río ni nada, digo, no te pienses atender. Digo: Ahora mismo voy a llamar al vigilante y te voy a echar por la puerta.
La verdad es que el ambiente era superagradable y yo he estado supercómodo y supera gusto trabajando ahí.;Yo no he visto un uniforme más cómodo en mi vida. Mira que tiene la fama de ser feo. No, feo de cojones, la verdad es que sí.;3. Pragmatics and Discourse;3.1;Discourse markers;Pero cómodo es. El pantalón supercómodo, la camisa superbién, estaba trabajando supera gusto, te podías mover bien en verano con manga larga y no pasabas calor.
Llegó su turno, se lo explicó al padre: Ha sacado un 4, pero vamos a intentar que apruebe para la siguiente y tal.;Llegó su turno, se lo explicó al padre: Ha sacado un 4, pero vamos a intentar que apruebe para la siguiente y tal. Y le cruzó la cara delante mía a la niña. Se me metieron los 7 males en el cuerpo.;1. Lexicon and Vocabulary;1.2;Colloquial lexicon and slang;Cogí a la niña, me la llevé pa atrás, le tiré la mesa encima al deste y le empecé a gritar en español, que porque me cogieron los otros profesores, que me iba a por él. Porque es que era la típica niña de metro 20, metro 30, monísima, que no ha hecho daño a una mosca ni he hecho daño a nadie.
Lo gracioso es que he vuelto y tengo tics de hablar en francés, porque claro, yo ya he estado hablando francés. En vez de decir qué, ahora digo muchas veces quoi.;Mi madre lleva un cachondeo conmigo tremendo diciéndome que he vuelto siendo un pato.;1. Lexicon and Vocabulary;1.2;Colloquial lexicon and slang;Las veces que me decís sí, digo oui, oui, oui.
Los hijos de puta de mi amigo se ríen un montón. «Ahora qué, ¿eh? Tanto que te queríais allí, que la gente era muy educá. Toma». Uy, qué gente.;No he discutido yo con británicas de estas feas. Porque se me colaban en el puto Tesco.;1. Lexicon and Vocabulary;1.1;Lexicon of insult;El Tesco es como el Carrefour de allí. Y además, yo tenía unos grandes de estos que tenían hasta ropa. Yo iba todos los viernes y nos va una tía vieja de estas rubias, morena de haberse venido a la playa de aquí de España, de, de Málaga, y se me cuela.
Los niños más mayores ya van adquiriendo su propia personalidad en función a lo que van cogiendo. Son un hombre 1 mujer en miniatura y hacen lo que quieren dentro del colegio.;Yo el recorrido que hago a casa lo hago muchas veces acompañado de niños porque paso por el barrio. Y el niño entra, adiós profe, se mete a su casa que es un bajo con la que está la puerta abierta.;1. Lexicon and Vocabulary;1.3;Lexical shortening and abbreviations;¿Qué vas a comer? No, es que mi madre no está, llega de trabajar a las 5 y digo, ¿y tú qué vas a comer? Me dice, pues cogeré algo de comer que no sé qué.
Los padres oscilan entre supercotillas de que quieren estar encima del niño y a clase con él, padres helicóptero, y tienes a otros que no me cogían nunca el teléfono. Hay anécdotas de padre borracho.;Hacíamos como una noche del AMPA cada final de trimestre. Iban un poco como en cinta transportadora. Nosotros nos quedábamos en nuestra silla e iban pasando los padres por turnos. Pues le tocó a una muchachilla que era de letras.;1. Lexicon and Vocabulary;1.2;Colloquial lexicon and slang;Era pura de letras la tía. Pero ciencias, la chiquita no daba pa más. Sacó un 4. Llegó su turno, se lo explicó al padre: Ha sacado un 4, pero vamos a intentar que apruebe para la siguiente y tal. Y le cruzó la cara delante mía a la niña.
Me encantaría saber cómo fue vuestro primer día trabajando allí en el high school, viniendo de un instituto español y viniendo de toda vuestra experiencia. El primer día tiene que ser espectacular..;Ha sido un shock, pero tampoco ha sido tanto porque he vivido afuera, el inglés lo hablo bien, entonces para mí no me ha costado tanto acomodarse, también lo fue porque mi instituto es muy caótico, te dicen todo de hoy para mañana, o sea, la organización brilla por su ausencia, entonces eso es lo que más me costó.;1. Lexicon and Vocabulary;1.4;Idiomatic expressions and colloquial phraseology;Mi instituto tiene una gran cantidad de alumnos hispanos y entonces están en el programa de ELD. En cuanto llegan, rellenan un formulario, en su casa rellenan que tienen otra lengua que no es el inglés, se les hace como un test de inicio para ver el nivel que tienen, entonces les ponemos en distintos niveles, yo tengo el nivel más bajito, que es un inglés 0, y entonces pues se les da clases, ¿no? En cuanto llegan, rellenan un formulario, en su casa rellenan que tienen otra lengua que no es el inglés, se les hace como un test de inicio para ver el nivel que tienen, entonces les ponemos en distintos niveles, yo tengo el nivel más bajito, que es un inglés 0, y entonces pues se les da clases, ¿no?
Me llevaron a mí a la caseta de la Cruz Roja. Y en ese momento yo tenía 17 años. 3 días para los 18.;Pero tío, Tuvieron que llamar a mi madre. Es que encima, por un día que se pilla de vacaciones mi madre, tío, le tengo que dar por culo, tío. Me quitaron hasta la puta riñonera de la Cruz Roja, tío.;3. Pragmatics and Discourse;3.2;Familiar address or vocatives;Me quitaron hasta el rollo del papel de datáfono.
Mi carrera es de diseño de vestuario y nada más acabar la carrera, pues me puse a trabajar en Netflix, en la serie de Valhalla.;El rigor histórico es un poco... A mí me gusta mucho, ¿vale? Me gusta muchísimo la historia de la moda. Y soy bastante de, ¿por qué eso no lleva lo correcto? ¿Han hecho algo bueno de no llevar cuernos? Por lo menos han hecho eso bien. Las cosas que llevan y cosas así, obviamente, el rigor histórico se lo pasan un poco por el arco del triunfo.;1. Lexicon and Vocabulary;1.2;Colloquial lexicon and slang;Yo me levantaba a las 4 de la mañana y volvía a las 8 de la tarde a casa.
Mi época en la legislatura tenía 2 fases. La primera que era yo en una agencia de colocación y te venía la gente. Y la segunda, un euro con patas.;Cuéntame movidas que te hayan dicho, tío. Te coja ahora de repente tu vecina del cuarto y te empieza a dar un chapón que te cagas.;1. Lexicon and Vocabulary;1.5;Informal intensifiers and quantifiers;He salido del notario. Se abalanza sobre mí la señora que trabaja allí. Me coge del brazo. Tú trabajas en el ayuntamiento. ¿Qué concejalía llevas?
Mira, ¿me puedes configurar Alexa, tal, no sé qué? Digo, sí. Era una de estas que tenía una pantallita, le empiezo a poner;Dice, ah, y es que tampoco se poner el wifi en el teléfono. A mí me da mucho apuro cuando te dan el teléfono a ellos, porque muchas veces te tienes que meter en el navegador y te encuentras cosas raras.;1. Lexicon and Vocabulary;1.2;Colloquial lexicon and slang;Ese hombre, por ejemplo, lo último que había buscado era, ¿qué es el kissing en el sexo?
Mira, necesito tu correo electrónico. Ya empezó a mosquearse: ¿Que pa qué quieres eso? Cuando ya le pregunté por qué banco era, ya empezó: ¿Y tú pa qué quieres tantos datos?;Cuando ya le pregunté por qué banco era, ya empezó: ¿Y tú pa qué quieres tantos datos? Chillando allí en la mitad de la tienda, pegando porrazos.;4. Register and Tone;4.1;Hyperbole and exaggeration;Hubo un momento dado que vino un compañero mío por la espalda y me quitó una grapadora que tenía al lado.
Mucha gente con la que yo coincidí.;Ten en cuenta que el servicio militar es obligatorio hombres y mujeres. Es como que, claro, tú imagínate que tú le das a un chaval de 18 años un AR-15 y le dices, es que te vas a poner como este traje y te vas a poner como de gallito delante con todos tus colegas a defender la tierra prometida porque eres un enviador de Dios.;1. Lexicon and Vocabulary;1.2;Colloquial lexicon and slang;Claro, se te O sea te quedas loco. Es que yo toda la peña que conocía de mi edad es que han tenido que ir.
Muchas veces no sabías hasta qué punto era intensidad o hasta qué punto querían hacerse los únicos y diferentes. Eso va con la edad.;Pero llegó un momento en el que yo estaba entrando en clase y de repente me veo a 4 o 5 de mis estudiantes con la cara completamente rayada a boli. Mi primer pensamiento fue una locura.;1. Lexicon and Vocabulary;1.3;Lexical shortening and abbreviations;Me pongo en lo peor porque prefiero ponerme en lo peor y luego que las cosas mejoren y no tener que avisar a la vía escolar, que era por así decirlo como los del control del colegio o a la dirección.
Muchas veces pasa, por ejemplo, cuando vamos a los sitios de zona de salir por la noche o tal, es que si hay una pelea, como cada uno lleva su arma, ¿qué es lo primero que sacan?;Y ha habido muchas muertes así por una pelea en una calle, porque por una discusión, saliendo de un bar de copas, pam, pam, al final un muerto porque han sacado la arma.;1. Lexicon and Vocabulary;1.7;Onomatopoeia and sound representation;[cambio de tema]
No lo hemos comentado, pero ¿cuál es tu concejalía? La parte de juventud, Smart City y empleo.;Yo me he fijado como objetivo terminar estos años y decir, hay menos parado porque el empleo ha servido para hacer match. Hay una empresa, hay uno que necesita una empresa, solo con eso yo creo que ya tendría para llenar mi jornada laboral.;1. Lexicon and Vocabulary;1.8;Neologisms;Luego van cayendo otras cositas. Zona de bajas emisiones, tendido de fibra óptica por toda la ciudad.
No sé si también por necesidad, que eso entonces ya es otra cosilla, que ya, ahí ya no critico.;Yo sé hay alguien que va a robar leche, un paquete de pasta, arroz, agua, pues esa gente, pues… Te la suda.;1. Lexicon and Vocabulary;1.2;Colloquial lexicon and slang;Hablando en plano, básicamente. Hay que ser sincero. Robar está mal en cualquier en cualquier contexto, pero bueno, lo entiendes.
No, al final me defendieron mi subdirector y mi director. Dos tíos de puta madre.;Mi subdirector era un señor ex militar retirado con un doctorado en Shakespeare y más rojo que rojín.;1. Lexicon and Vocabulary;1.6;References to popular culture and memes;Era antimonárquico, lo amaba. Cuando vino la policía dijeron: No, este no ha hecho na. Por nuestro lado, no hay ningún problema.
Normalmente suelen ser gente muy amable, ¿vale? Pero está la típica hija de puta o hijo de puta.;Y yo tengo un carro con un cubo con agua sucia, un cubo con agua limpia. Sale de sus clases, se bebe, le queda un poquito de agua y en vez de tirarla, ir al lavabo y tirarla porque le pesará o yo que sé, hace así, clic, clic, clic, y me la vacía en el cubo de agua limpia.;1. Lexicon and Vocabulary;1.7;Onomatopoeia and sound representation;Disculpe, es que ese cubo es de agua limpia.Y me dice, no, no, si el agua está limpia.
Nosotros tenemos un museo en Barcelona, que es el MUBA, el Museo de Historia donde yo estudio. Está el museo y debajo los rectos romanos, ¿no? Y desde unas ventanitas tú puedes ver los rectos romanos.;Una vez se vio una mujer que se queda mirando el vidrio, me coge del brazo y me dijo que por qué los romanos construyen hacia abajo. La gente se descojonó.;1. Lexicon and Vocabulary;1.1;Lexicon of insult;¿Cómo respondes eso? Conforme pasa el tiempo, ciertas civilizaciones se van poniendo una encima de otra.
Nuestra tienda era la planta baja, que era donde está lo que se compra, y luego en la parte de arriba teníamos el párking con el típico vestíbulo, con 2 ascensores para luego acceder a la tienda y nada más. Lo que viene siendo al revés de todas las tiendas del mundo.;"El gerente de ese día de la tienda va a la parte de arriba a ver, a revisar que todo estuviera correcto y baja y me dice: ""Hostia, he pisao una mierda, pero es que da la sensación como que en el vestíbulo ha habido alguien que se ha cagado y ha ido dando saltos hacia adelante"".";2. Non-standard linguistic features;2.1;Non-standard pronunciation;Se ve que había bolillas de mierda antes de llegar a los ascensores, por lo que la-- eso se veía. Rápidamente, enviaron a alguien para limpiarlo y tal, pero bueno, yo estaba en la caja, yo no me entero, ¿no?
O sea ya el avión,;Una persona que no había salido a Albacete se ve en un avión 12 horas lleno de vietnamitas. Que yo, claro, pues vietnamitas, pues había visto muy poca gente vietnamita en mi vida, probablemente. Escuchándolos hablar flipando en colores;1. Lexicon and Vocabulary;1.4;Idiomatic expressions and colloquial phraseology;Bajo, y de repente nos recoge un señor, y yo empiezo como a ver todo distinto, en plan, la carretera distinta, las casas distintas.
O sea, aquí la mayoría de las veces es todo presencial, aun con papeles, o sea, tema de enviar formularios por internet, lo llevan muy regulero. Aquí todo presencial y en papel.;A mí lo que me hace gracia es que luego nos traten a nosotros como si fuésemos el culo del mundo.;1. Lexicon and Vocabulary;1.4;Idiomatic expressions and colloquial phraseology;No estamos tan mal. No es que no estemos tan mal, es que estamos bien.
O sea, cada vez que conocía a un español por la calle, yo le soltaba las frases de Mariano Rajoy. Primero, hace gracia. Y segundo, con esas frases puedes hacer amigos muy fácil.;De hecho, en 2022, cuando Juegos Olímpicos aquí en Japón, vi a Kureha, le solté una frase de Mariano Rajoy. Y se meó de risa.;1. Lexicon and Vocabulary;1.4;Idiomatic expressions and colloquial phraseology;Sí, hicimos fotos y tal, ¿sabes?
O sea, nosotros hacíamos la compra en Ramallah y 2 de los chicos hablaban árabe. Entonces entramos en la mezquita, que Ramallah es como la capital prácticamente de la West Bank. Y entonces uno de los chicos coge un Corán y se pone a leerlo. Y de repente se acerca como un hombre barbudo, así que impone, nos mira y nos dice, ¿qué estáis haciendo?;Y nos lleva como a una sala, grupo a lo mejor de 10 hombres sentados alrededor, nos sienta y nos dice, preguntad lo que queráis. Y nos pasamos como 2 horas hablando del Islam, preguntándole cosas y cuál es la percepción del cielo, del Islam, de qué opina del cristianismo, oye, he oído esto, ¿qué te parece esto del tal? Claro, entonces salimos ya con este tío, porque nos hemos hecho  panas después de 2 horas hablando, tengo ahí una foto con la Polaroid con todo;1. Lexicon and Vocabulary;1.2;Colloquial lexicon and slang;Y nos empieza como a dar una vuelta por la ciudad. Pero no sé si es como que te digo que sales con Brad Pitt en Los Ángeles y todo el mundo empieza como a acercarse, a hacerle fotos, a abrazarle a tal.
O sea, yo soy tu profesora. Te estoy diciendo que te calles porque estás haciendo unos comentarios que no, que no. Te callas y punto. Pero es que luego encima vienen y te dicen te voy a reportar.;Es verdad que el año pasado era una alumna que siempre me estaba retando. Yo me mandaba una tarea y ella siempre me tenía que discutir cualquier cosa, no sé qué. Encima ella era una alumna de las que faltaba mucho. Pues yo con ella ya había tenido un poco de rifirrafe y de que siempre ella me discutía.;2. Non-standard linguistic features;2.2;Colloquial syntactic structures;Y pues un día llegó por la mañana y me dijo Miss Fabra como que ¿por qué tenía ella 10 en la tarea? Digo, digo, porque mira, digo, porque llevas toda la semana ausente, este día y este día. Una tarea, la cual tú no estabas, digo, yo te he puesto ausente, tenías un 0, digo, pero si tú hoy quieres hacer la actividad, yo te la doy y la recuperas y tal.
Para que te hagas una idea, cada vez que venía una persona educada, nos alegraba el día. Era tanta gente maleducada la que venía. La gente lo justifica con que va con prisa, con que están estresados, porque están ahí de compras. Pero es que tú llevas 8 horas trabajando de pie, atendiendo a muchísimas personas.;Realmente en esos 2 años que he estado ahí era otra persona completamente distinta. Yo vivía amargada día a día. De verdad que te consume que la gente te trate tan tan tan mal.;1. Lexicon and Vocabulary;1.5;Informal intensifiers and quantifiers;Y ver la clase de gente que hay, que no tiene respeto. Yo sé que hay muchas veces que la gente lo hace porque no se da cuenta o porque van con prisa a todos lados. Al final te tienes que parar un momento y ver que la persona que te está atendiendo es una persona humana, no es un robot.
Pero ¿era un Mercadona de barrio o un Mercadona un poco más industrial? No, no, no, de, de un pueblecillo, de un pueblecillo. Conoces a la gente que está yendo.;"O sea, si alguien roba, ya sabes que ha robao y lo ves a la semana siguiente y dices: ""Cuidado con este, queee no vaya a hacer aquí la 1314"".";1. Lexicon and Vocabulary;1.4;Idiomatic expressions and colloquial phraseology;"Los robos están al orden del día. Un día, ¿qué pasó? En nuestra tienda había 10 cajas. Lo que hay en el suelo detrás de las cajas, pues tú no te das cuenta. Viene un día un señor y dice: ""Os acaban de robar entre las cajas, que se ha arrastrado por el suelo de las cajas y se ha pirao el tío robando""."
Pero ciencias, la chiquita no daba pa más. Sacó un 4. Llegó su turno, se lo explicó al padre: Ha sacado un 4, pero vamos a intentar que apruebe para la siguiente y tal. Y le cruzó la cara delante mía a la niña.;Tuvo la poca vergüenza de pegarle a su hija delante de un profesor. Borracho como una cuba.;1. Lexicon and Vocabulary;1.4;Idiomatic expressions and colloquial phraseology;Y le quitaron la custodia y se quedaron la custodia los abuelos y luego tardó en venir un par de semanas. La niña estaba de moratones por todo el cuerpo, pero claro, como se lo hacía por debajo de las camisetas, pues ahí no podíamos hacer nosotros nada.
Pero lo que es dentro de la clase te choca todo. Las mesas están como si las echas así a ojo. Daleadas, despardas, están como si le das las ganas de ponerlas. Lo que menos vas a conseguir es que el niño esté sentado como tiene que estar sentado.;Como prioridad en ese tipo de colegios, quieres que el niño esté de 9 a 2 y que no haya pasado nada grave, que los niños salgan contentos del cole.;1. Lexicon and Vocabulary;1.3;Lexical shortening and abbreviations;De verdad, allí el concepto, vale, hoy toca que me toca las multiplicaciones de un dígito.
Por contextualizar un poco, ¿qué deportes se practican en este deporte deportivo?;Hay una zona exterior que tiene pádel, después tiene el típico gimnasio normal, una zona del gimnasio que está adaptada a spinning, o sea, todo bicicletas, en plan, ¿sabes? Los putos locos estos que van pum, pum, pum, a tope, que dices tú, vaya putas ganas a las 9 de la mañana.;1. Lexicon and Vocabulary;1.7;Onomatopoeia and sound representation;Y luego tiene unas piscinas interiores y unas piscinas exteriores que solo salen en verano, que verano es duro.
Por ejemplo, durante el ramadán siempre todo el mundo se mataba por invitarte a aliftar, que es como cuando ya puedes comer. Les veo un poco como culturalmente más parecidos.;Sí que es verdad que a lo mejor con gente israelí, evidentemente yo, muchos amigos míos de allí, en plan, son judíos y no israelíes y todo súper bien y son buena gente, pero sí que es verdad que quizá el sentimiento general, sobre todo al principio, es como que muchas veces eran un poco... no despectivos, pero sí que miraban algo como por encima del hombro.;2. Non-standard linguistic features;2.2;Colloquial syntactic structures;Evidentemente no es todo el mundo. La gran mayoría de la gente es súper maja.
Por ejemplo, nosotros tenemos un amigo venezolano, estuvimos cenando otras chicas americanas y digamos que a ella le sorprendió como que él no pagara lo de la chica. Y mi amigo dice, a uno se le va a haber un suyo a pachas, ¿no?;Voy a hacer un inciso. A mí también me pasa porque yo digo América. En realidad me refiero a estadounidenses. Y luego viene gente de Latinoamérica diciendo, perdona, es usted un puto subnormal porque América es todo, no solo los putos yankees.;1. Lexicon and Vocabulary;1.8;Neologisms;Y tienen toda la razón del mundo. Lo que pasa es que eso es por culpa de las películas que hemos visto nosotros que llaman a los yankees todo el rato como americanos.
Por eso yo, por ejemplo, opto por muchas veces en los tours no decir ya mi edad.;Da un poco de rabia porque al fin y al cabo tú lo que quieres hacer es un tour chulo en 2 horas explicando la historia de los judíos y cristianos, yo que sé, cualquier cosa, y te van a mirar con la cara de, ya, pero es un joven independentista catalán, entonces es un poquito complicado quitarse este estigma.;1. Lexicon and Vocabulary;1.2;Colloquial lexicon and slang;Vamos a San Felipe Neri, que es una plaza que se ve en las marcas de los bombardeos de la guerra civil. La parte fascista bombardeó y ahí vivían niños huérfanos, refugiados de Alcalá de Henares. Esos niños murieron con los bombardeos.
Primero, ¿cómo empieza a trabajar en un skate room?;Es curioso porque estuve anteriormente en otra sala de miedo, que yo vi una oferta en Instagram en un scape room que había hecho, que había jugado, y dije, pues venga, de perdidos al río, ¿por qué no?;3. Pragmatics and Discourse;3.1;Discourse markers;[cambio de tema]
Pues nada, cuéntame un poco, ¿cuáles fueron tus primeros choques culturales de repente? Vienes de Madrid, que bueno, que también es una ciudad súper tocha, pero de repente llegas a Berlín.;O sea, yo llegué y sube 7 días seguidos saliendo de fiesta, sin exagerar. Y claro, la gente flipaba, en plan, esta tía, ¿qué coño le pasa? Y la gente súper maja. Los de mi resi, españoles. Los demás, no.;3. Pragmatics and Discourse;3.2;Familiar address or vocatives;Los alemanes son gilipollas perdidos, lo siento mucho. Literalmente, vas en el metro, te miran así, súper serio, como que les miras de vuelta y te siguen mirando.
Que los niños, de verdad te digo, si les hablas, yo que como estoy de práctica, tienes un trato un poquito más cercano, le preguntas cosas, tú juegas a la Play, tú no sé qué. Te hablan súper normal, son súper simpáticos.;Lo que pasa es que no les gusta el colegio. Yo me imagino un niño de esos diciendo quiero estudiar la carrera y los padres diciendo pero tú eres gilipollas, tú en cuanto tengas edad te vas a poner a trabajar conmigo.;3. Pragmatics and Discourse;3.3;Irony and sarcasm ;[cambio de tema]
Que si el doctorado para adelante Que guay lo que hago Que si qué guay mis viajes Que me hagan un canal de YouTube ¿Cómo ha sido dejar todos los viajes y toda la movida y volver a ser médica?;Es que no he dejado de viajar. Ahora viajas a Burgos. Aparte de viajar a Burgos Es bonito que flipas, ¿eh? La zona donde curro yo es bien de bonita;3. Pragmatics and Discourse;3.1;Discourse markers;[cambio de tema]
Que, por ejemplo, un día una señora vino llorando, que se había muerto la hermana, no sé qué.;En ese momento, una señora que estaba casi sola y, hostia, te afecta un poquillo porque te da lástima, pero estamos ahí en la función.;1. Lexicon and Vocabulary;1.1;Lexicon of insult;Nosotros escuchamos, al menos yo escuchaba. Habla lo que quieras con esa persona, que se descargue un poco contigo y oye, yo bien a gusto que lo hacía.
Realmente, la educación en España está muy bien y es de valorar. Cómo nos educamos, al fin y al cabo, pues tú creces con niños, pues que son de familias inmigrantes y no pasa nada, y es algo a lo que estás acostumbrada y a la hora de salir en sociedad, pues te hace un poco más flexible.;Y, pues, eso, que no es oro todo lo que reluce.;1. Lexicon and Vocabulary;1.4;Idiomatic expressions and colloquial phraseology;Que por mucho que Alemania, pues, tenga el título de Alemania con las letras en oro, no es así. Tiene sus grietas y no funciona, yo creo, tan bien como nos creemos.
"Se lo digo al vigilante, tal: Oye, mira que nos han robado ese portátil. Empieza a tirar de cámaras, empieza a tirar de cámaras, empieza a tirar de cámaras y estoy ordenando lo que son los portátiles y en una de estas me encuentro otro portátil igual rajado. 00:10:48,480 --> 00:10:53,019
El tío empieza a mirar cámaras, cámaras, cámaras, cámaras y el tío no solamente había robado 2 portátiles.";El tío había robado Nintendo Switch, mandos de Play y había robado en lo que viene siendo una aproximación de casi unos seis mil euros en la tienda. El muy cazurro se vio que ya o estaría harto de robarnos allí y, y tal y quiso ponerlo un poco más difícil.;1. Lexicon and Vocabulary;1.2;Colloquial lexicon and slang;Se fue al otro MediaMarkt de Málaga y allí mismo, tal como entró por la puerta, lo trincaron. En la tienda que yo he estado, por desgracia, la vigilancia faltaba y mucho.
Se nos había roto la jabonera del baño y nosotros no podíamos comprar una jabonera y ponerla. Nos tenía que llegar una específica.;Entonces, claro, una mujer nos pide de repente a la barra y nos dice, quiero una hoja de reclamaciones, tenéis la jabonera estropeada. Y claro, empezamos a hablar con ella, le dejo yo aquí la barra, lavarse las manos, no pasa nada. Ella erre que erre que no.;1. Lexicon and Vocabulary;1.4;Idiomatic expressions and colloquial phraseology;Y el motivo por el que quería lavarse las manos era porque un negrito de la calle le había tocado. Palabras textuales.
Sí me da la sensación, pura impresión personal, o sea, no tengo estadísticas en la mano ni nada, pero sí me da la sensación de que hay más cohesión social. Conoce al vecino enfrente, le conoce el de abajo, le conoce el del pan, le conoce no sé qué.;O sea, que si tú vas preguntando, en plan, oye, Eugenia, sí, pues lleva tiempo viniendo sola, o lleva tiempo que se le ve más cansada, o tiene una identidad, un círculo que la identifica y que la cuida de alguna. Y en la ciudad me parece como que estamos más anonimizados todos. En la ciudad somos NPC.;1. Lexicon and Vocabulary;1.6;References to popular culture and memes;Un día le pasa algo a Eugenia y viene la del tercero y le dice, sí, pues es que lleva 3 semanas que no sé qué. A mí me pasa algo en mi casa y yo no con mis vecinos.
Si ven que algo te molesta, pues en vez de parar, como son unos chinchones, van a hacerlo más. Intentando callarle la boca con el good boy, good girl, pues;Bueno, nada, si acabé hace poco, hasta una semana antes de acabar hemos estado discutiendo con él por eso. Y él empezó a hacerlo y después empezaron otros también a hacerlo. Y claro, es como la gilipollez se contagia.;3. Pragmatics and Discourse;3.1;Discourse markers;¿Tú, que tienes amigos españoles que se dedican a lo mismo, esto es algo común? Claro, lo comenté con los que están en el gimnasio y ellos me decían: «Hostia, pues a mí eso no me ha pasao nada.
Siempre contactas tú con tu banco para preguntar si lo que ha pasado es verdad. Si ha pasado algo, nosotros lo podemos ver y te podemos ayudar.;Hasta de la agencia tributaria te llaman. Hace unos años llamaban a gente haciéndose pasar por la agencia tributaria Renta Básica Universal. Pedían que para verificar que son ellos, que mandaran un bizum de 100 euros a X número. Claro, luego ni renta ni polla.;1. Lexicon and Vocabulary;1.1;Lexicon of insult;Me daba una pelita cada vez que llamaba alguno con eso. La gente que necesita la renta extra de inclusión, porque pobrecito, tendrán para sobrevivir los gustos. Y encima les roban.
Son supervivientes del sistema, yo muchas veces lo hablo, son supervivientes del sistema. Es temer a pena.;Yo lo que te decía antes de que a mí me ha cambiado un poco el chip, el chip en cuanto a las notas, porque es que ves realmente el background de a todos y lo que ves es que para ellos no es importante esto.;1. Lexicon and Vocabulary;1.8;Neologisms;Al final tienen que labrarse una vida y su vida está fuera de la escuela. Al final salen de aquí las horas que están hasta las 350 y se van al trabajo hasta las 12 de la noche.
Soy Alba, vivo en Albacete ahora mismo y estoy terminando magisterio bilingüe. Estuve viviendo en Vietnam 2 años. Hace 10 años,;Cuando tenía 12 años, mi padre estaba buscando trabajo y lo típico de que echas todas las ofertas, pues a ver qué sale. Y le cogieron y dijo: bueno, pues ahora hay que probar. ¿Y de qué era el trabajo? De ingeniero de puentes. Oye, vaya puta pasada de curro.;1. Lexicon and Vocabulary;1.5;Informal intensifiers and quantifiers;Como es el recuerdo de tu chiquitilla, y que te diga tu padre, niña, que nos vamos de Albacete.
Tal como subes la la escalera mecánica, me tenía de frente.;Y encima yo tenía la parte gaming, sobre todo los teclaos, los ratones, donde venían los típicos niños cebolletas allí a tocar los, los tecladito;1. Lexicon and Vocabulary;1.2;Colloquial lexicon and slang;"""¿Porque esto qué tipo de membrana tiene?"" Imagínate. Yo ahí tenía que salirme como yo pudiera, ahí es cuando tenía que salir. Con unas formas tan técnicas que tú dices: ""¿Me está vacilando o me lo está diciendo en serio?"""
Tal vez podríamos hacer un vídeo sobre la noche en el centro o en Madrid en general. Fliparías. A mí me han meado en la barra de sacarse la polla y mearme en la barra. El mundo de la noche es un puterío que flipas.;Brother, de sacarse la polla y mear en la barra. Además, era una barra en forma de L y me meó justo por donde yo le podía ver la polla. O sea, brother, vi una polla meando.;1. Lexicon and Vocabulary;1.8;Neologisms;Vi una polla meando y lo sacó el de seguridad.
Tenemos una sala, que es el hall este, que es resolver un asesinato.;Hay un cadáver, tal, no sé qué, no sé cuántos, hay que quitar los gusanitos… Hay un momento clave, que es de tensión, y cogió mi compañera o así como hacemos de poli malo y dijo «Venga, que os voy a mandar a todas con Dios».;1. Lexicon and Vocabulary;1.3;Lexical shortening and abbreviations;Tan rollo comentario de repente. Se pone a subir una corriendo las escaleras, se asoma mi jefe, me asomo yo, sube otra señora y escuchamos cómo está vomitando. Le preguntamos qué ha pasado, porque está vomitando y tal. Se ha emocionado, ha dicho lo de Dios y se ha venido muy arriba. Luego nos enteramos de que eran monjas.
Tú imagínate cómo olía eso. Sacaba las hormonas del aire.;Es que, Dios mío, tenía un par de hermanos que les daba clase y claro, vinieron sin saber inglés como pa manejarse. Como yo era un profesor muy simpático, muy servicial, el subdirector me dijo: «Oye, ponte los exámenes con esto, tradúcele y tal» Yo le largaba la respuesta, qué coño.;3. Pragmatics and Discourse;3.1;Discourse markers;Y yo le decía: «No, no, es la A.| Vamos a ver, entre españoles hay que ayudarnos».
Tú lo que haces dar clases a niños de 12 años y luego vas viendo cómo se te van cayendo los alemanes y acabas teniendo- La ONU a los dieciséis. La ONU y Alemania deja de formar parte de la ONU, casi.;Es que claro, los niños son un pozo de sorpresas.;3. Pragmatics and Discourse;3.1;Discourse markers;Como prioridad, me acuerdo un día, que esto fue un poco choque, ¿no? Porque dije: ¡Ay, hijo! Con la clase de los chiquitos, de 12 años. Un niño me vio y me dijo: ¿Está usted casada? No, hombre, no, no estoy casada, que soy joven.
Tú te puedes quedar en la capa superficial de que le ha gustado, le ha impactado, pero es que quizá solo es con esa persona, su mujer murió hace 15 años, su deseo era ver Barcelona juntos, no la han podido ver y lo está viendo él solo.;Padres o madres que vienen a ver a su hijo aquí a Barcelona, están haciendo con ellos un tour y quizás no vieron al hijo desde hace un año. Están emocionados porque ven lo que el hijo está consiguiendo y ven que están en un sitio chulo.;1. Lexicon and Vocabulary;1.2;Colloquial lexicon and slang;Eres testigo de cosas muy bonitas.
"Un día me pasó eso también, que mi cara no te vas a acercar a decirle: ""Disculpe"". Yo la verdad es que no me acerco en esas situaciones.";Un día también me intentan distraer por la espalda. Lo hicieron como el auténtico culo, porque es que ni tan siquiera me giré.;1. Lexicon and Vocabulary;1.1;Lexicon of insult;Vi perfectamente el pasillo central y veo a un señor, no con un carro, sino este le tenía una técnica más sofisticada, que eran 2 bolsas.
Un fin de semana, venga, la familia va a hacer un tour por el Raval. El bolso por delante, chicos.;Ha habido robos en los tours. Eso es otro melón que podemos abrir.;1. Lexicon and Vocabulary;1.4;Idiomatic expressions and colloquial phraseology;Hablas del Raval y te dicen, claro, es que tú esto no lo has vivido, tal, porque tú es que eres muy joven, tú esto no lo has vivido, no sé qué, tal.
Un japonés hablando de Rajoy, ¿no? Claro, claro. Hay un montón de frases que me encantan.;"Mi frase favorita sería: ""Lo que nosotros hemos hecho, cosa que no hizo usted, es engañar a la gente"". Es que es la hostia, de verdad, tío.";3. Pragmatics and Discourse;3.1;Discourse markers;"Dime que te sabes la del alcalde. ""Es el vecino el que elige al alcalde y es al alcalde el que quiere que sean los vecinos el alcalde""."
Un momento en el que me empezaron a tocar un poco la cona da masculina con que soy español. Me llamaban Angry Little Spanish Man. Perdona que me ría.;No te preocupes, es que eran todos más altos que yo, si es que es normal. Que yo era muy cachondo para ellos también y yo me hacía el enfadao.;2. Non-standard linguistic features;2.1;Non-standard pronunciation;Y se reían, sobre todo con los de cuarto que tenía ya un poco más de feeling. También lo empezó a usar el conserje o el de reprografía. Y les dije: «Pues que sepáis que sois más tontos que todos los niños españoles.
Un muchacho, eh, de 12 años, ¿eh? «Señora, ¿me puede prestar un boli?». Y nada, pues le presto yo un bolígrafo de los míos y me dice: «Good girl, buena chica».;Y yo: «Pero ¿cómo tienes los santos cojones de llamarle esto a una profesora? Que no se te ocurra, llamarme eso, que no soy un perro».;1. Lexicon and Vocabulary;1.2;Colloquial lexicon and slang;Si ven que algo te molesta, pues en vez de parar, como son unos chinchones, van a hacerlo más. Pues un mes y pico y ya está. Bueno, nada, si acabé hace poco, hasta una semana antes de acabar hemos estado discutiendo con él por eso.
Una de mis compañeras de cuarto se pasaba hasta las 3 de la mañana haciendo vida de mamá con su mujer y al día siguiente se traía a un tío a la habitación.;Es un puterío. En resumen, tú no puedes liarte con ningún pasajero, no puedes tener ningún tipo de relación. Y yo pensaba que eso estaba bastante prohibido.;1. Lexicon and Vocabulary;1.1;Lexicon of insult;Tenía un compañero, me hizo un tour por el barco, señalándome todos los puntos donde había tenido sexo con pasajeros. Todos eran gays.
Una niña se ha pegado con otra y a la otra le gusta mucho inventar.;Pues entonces tú tienes que hacerle la triquiñuela mental a la que le gusta inventar de que en verdad ha sido un accidente para que no llegue y le diga a la madre que se han pegado porque si no la otra chiquilla va a tener un montón de consecuencias.;1. Lexicon and Vocabulary;1.2;Colloquial lexicon and slang;No, pero en verdad ha sido un accidente. Aunque la niña la estuviese moliendo a hostias.
Y a veces me lo decía mi encargado me dice, es que esto es el corte inglés. Le dije: no, pero con esto es el supermercado del corte inglés.;Es un supermercado como el Mercadona, como el Carrefour, como el Lidl o como el Día. No estamos hablando de arriba, que los vendedores te tienen que hacer la pelota porque te tienen que vender, tienen que ganar comisiones.;1. Lexicon and Vocabulary;1.4;Idiomatic expressions and colloquial phraseology;Aquí somos todos iguales. Aquí yo no te voy a tratar ni mejor ni peor. Te voy a tratar como todos.
Y al final, el vendedor no solo vende, sino también recomienda. Y eso puede dar situación de que el que esté comprando sienta que le está engañando cualquier cosa y que tú tengas situaciones incómodas. Yo entiendo que también a ti te habrá faltado el respeto lo más grande. Pobrecita de mi madre, le han dicho de todo.;Yo no iba con chapa de Apple, ni iba con los compañeros de Samsung, ni iba con los compañeros de Xiaomi. Yo iba a mi bola.;1. Lexicon and Vocabulary;1.2;Colloquial lexicon and slang;Me estás intentando engañar porqueee tu compañera me ha dicho lo contrario. Y es como yo le digo, yo soy neutral, yo voy de rojo, la que te está intentando meter la marca es la compañera que lleva Xiaomi en la mitad de la espalda.
Y coño, mis colegas que están en un Gymnasium, me dicen: Ah, coño, pues los míos son todos de 8 apellidos alemanes.;Y te da que pensar: Si se supone que esta separación la hacen porque rinden más o rinden menos, ¿por qué cojones tengo yo niños en clase que son unas bestias estudiando? Cuando académicamente eres brillante, porque eres un puto coco.;1. Lexicon and Vocabulary;1.5;Informal intensifiers and quantifiers;O sea, que hablan mejor español que yo. ¿Qué haces en esta Stadtteilschule?
Y Jaén tiene muchas cosas que son problemas y tal. Pero al final se vive de puta madre y esto es tan maravilloso.;Aquí sigues teniendo la sensación de barrio, comunidad. Conozco al vecino de enfrente al otro, no sé qué, no sé qué, no sé cuánto. Esa mierda no existe en Madrid. Y a la vez existe menos en otros sitios.;3. Pragmatics and Discourse;3.1;Discourse markers;Hay ocio, tío. La gente se cree que no. El centro está de puta madre. Jaén como destino turístico gastronómico.
Y les dije: «Pues que sepáis que sois más tontos que todos los niños españoles. A partir de ahora, es a la manera española». Examen típico de 5 preguntas, 2 puntos cada pregunta, y se me pusieron a llorar, suspendieron. De verdad que los niños se bloquean. Porque no están acostumbraos.;Los hijos de puta de mi amigo se ríen un montón. «Ahora qué, ¿eh? Tanto que te queríais allí, que la gente era muy educá. Toma».;2. Non-standard linguistic features;2.1;Non-standard pronunciation;Uy, qué gente. No he discutido yo con británicas de estas feas.
Y luego estaba el típico niño que venía con el padre y cogía unos rebotes porque el padre le había comprao un Xiaomi y el niño quería un iPhone y el padre como que te miraba y decía: «Tío, ¿cuánto vale el iPhone más barato? Y como intentaba hacer ver al niño, pero el niño era por cojones que el iPhone.;Hostia, a mí, por ejemplo, me duele. A mí ese tipo de cosas siempre me ha marcado mucho de que quiere el niño por cojones eso y el padre se lo tiene que comprar porque si no el niño coge el rebote y la lía parda. Si fuera mi padre, ya me hubiera cruzado la boca con un galletón.;1. Lexicon and Vocabulary;1.4;Idiomatic expressions and colloquial phraseology;Siempre le he intentado hacer ver a la gente cuando venía por un portátil, venía por un móvil, la necesidad suya. Porque Apple ha hecho mucho daño. Opinión personal, gastarte 400 500 euros más en un portátil que tiene las mismas prestaciones pero que tiene mejores altavoces que otros, para mí personalmente no me lo gastaba.
Y luego la otra situación fue que vinieron a financiar... A la primera le salió aceptada, a la segunda le salió aceptada y a la tercera le salió denegada. Y me dice: «Venga, vamos a intentarlo con el DNI de mi madre». Digo: «Vale», digo, «pero te explico, para hacer yo esta financiación tiene que estar esa persona físicamente aquí». «Es que mi madre es tetrapléjica, está en una cama y no puede moverse». Digo: «Ya, esa persona me tiene que firmar, tiene que estar presente y tal».;Al que se le cae el pelo es a mí, porque tú imagínate que pillas el DNI de cualquier persona, le tramitas una financiación y a la persona que si por un casual le sale aceptada, al que le meten un marrón es a la otra persona.;1. Lexicon and Vocabulary;1.6;References to popular culture and memes;Llegó un momento dado que casi me da un bofetón. «Pues tú pierdes la venta y atenta a las consecuencias, porque mi padre está en la cárcel».
Y me acuerdo que vino una mujer mayor y su hijo. pasaron toda la compra. yo les pasé toda la compra, les pasé un cupón y la aceptó,;Pero luego el siguiente cupón que pasé no la aceptó porque había subido las bolsas de plástico y las bolsas de plástico no contaban. Entonces, claro, hubo que anular toda la compra, volver a empezar de nuevo y se pilló un mosqueo.;1. Lexicon and Vocabulary;1.4;Idiomatic expressions and colloquial phraseology;El hombre me hizo llamar a la encargada. le dijo como que la obligación del supermercado era formarme antes de ponerme en la caja y que si no servía para estar ahí, que me fuera.
Y me dice, a los bajinis han dicho entre ellos que por qué te tienen a ti atendiendo a la gente si no sabes francés y no sirve.;Tradúcele al francés este que si literalmente no saben español, veraneando en España y mucho menos inglés, que es el idioma internacional, dile que se vayan a Bordeaux a tomarse un vino. Y mi compañero se lo dijo. Me estoy vengando de lo que hizo Pepe Botella, o sea.;1. Lexicon and Vocabulary;1.6;References to popular culture and memes;[acaba la conversación]
Y yo: «Pero ¿cómo tienes los santos cojones de llamarle esto a una profesora? Que no se te ocurra, llamarme eso, que no soy un perro».;Si ven que algo te molesta, pues en vez de parar, como son unos chinchones, van a hacerlo más.;1. Lexicon and Vocabulary;1.2;Colloquial lexicon and slang;Intentando callarle la boca con el good boy, good girl, pues Pues un mes y pico y ya está. Bueno, nada, si acabé hace poco, hasta una semana antes de acabar hemos estado discutiendo con él por eso. Y él empezó a hacerlo y después empezaron otros también a hacerlo.
Yo creo que aquí está muy normalizado. A mí me chocó mucho, pero lo hablas con gente de aquí que lleva toda la vida viviendo allí y es como lo tiene como muy normalizado. Es lo que tú dices: ¿hasta qué punto al niño le influye?;Tanto si te lo coges por la banda de: «Bueno, claro, es que es una statute schule ¿entonces tú no eres tan listo?» Ya estás como categorizando al niño un poco, ¿no? O sea, tú estás aquí porque tú no eres tan listo, entonces. Meritocracia a los 12 años, tócate los huevos.;4. Register and Tone;4.1;Hyperbole and exaggeration;O sea, tú estás aquí porque tú no eres tan listo, entonces. Meritocracia a los 12 años, tócate los huevos.
Yo cuando llegué, y eso es una comparación que he hecho con mis amigos españoles que han estado aquí, ellos trabajando en un Gymnasium y yo fui la única que me tocó una Stadtteilschule, dije: Coño, pues yo tengo clases donde todos mis alumnos son de familias inmigrantes. Y a los primeros días dije: Bueno, pues igual es normal, porque al fin y al cabo, la, la tasa de inmigración aquí es muy grande.;Y coño, mis colegas que están en un Gymnasium, me dicen: Ah, coño, pues los míos son todos de 8 apellidos alemanes. Hostia, no jodas.;1. Lexicon and Vocabulary;1.6;References to popular culture and memes;Y te da que pensar: Si se supone que esta separación la hacen porque rinden más o rinden menos, ¿por qué cojones tengo yo niños en clase que son unas bestias estudiando?
Yo entiendo que la gente se motivará muchísimo y habrá momentos en los que esté dentrísimo.;Además, lo que mola es eso. Gracias a la gente que se mete muy de lleno.;1. Lexicon and Vocabulary;1.5;Informal intensifiers and quantifiers;Además, lo que mola es eso. Gracias a la gente que se mete muy de lleno. ¿Se ponen nerviosos? Sí, la gente se pone nerviosa.
Yo he empezado a poder ganarme la vida justo ahí, a los 28, 29 años. Y es un poco tarde. Ya te cansas de trabajar los fines de semana en otra cosa. Por eso luego mucha gente no aguanta. El filtro es tan grande que es una carrera de aguante, tío.;Ya no es solo que seas el más talentoso, que tengas las mejores ideas o que seas el mejor diseñando o el mejor escribiendo. Es que tienes que tener un pulmón financiero de tus padres o huevos a trabajar. Los fines de semana en otra cosa, a buscarte freelance por tu cuenta y cobrarlos en negro y a buscarte la vida;1. Lexicon and Vocabulary;1.4;Idiomatic expressions and colloquial phraseology;Que luego parece que todo lo que digo es malo. Gran parte es malo. Pero la industria es muy guay. O sea, si te gusta esto, si te gusta pensar o dedicarte a sacar ideas, que es a lo que al final se dedica un creativo, es muy gratificante, tío.
Yo llegué temblando a casa, llamé a mi madre porque yo pensaba que a mí me iban a hacer algo también. Le había tirado una mesa a una persona británica, a un padre, ¿sabes?;No, al final me defendieron mi subdirector y mi director. Dos tíos de puta madre.;1. Lexicon and Vocabulary;1.1;Lexicon of insult;Mi subdirector era un señor ex militar retirado con un doctorado en Shakespeare y más rojo que Rojín. Era antimonárquico, lo amaba. Cuando vino la policía dijeron: No, este no ha hecho na.
Yo no puedo hablar por todo el mundo, pero en mi caso la verdad es que yo me lo pasé estupendamente.;La verdad es que el ambiente era superagradable y yo he estado supercómodo y superagusto trabajando ahí.;3. Pragmatics and Discourse;3.1;Discourse markers;Yo no he vestido un uniforme más cómodo en mi vida. Mira que tiene la fama de ser feo. No, feo de cojones, la verdad es que eso sí, no, no. Pero cómodo es.
Yo no voy a decir que a mí los clientes siempre me han tratado mal. pobrecillo, qué pena.;No, yo también admito, que yo me he calentado muchas veces y no me he liado a palos, porque mira que un día casi me tienen que separar de uno, porque me dijo que me iba a cruzar la cara. Y yo le dije: hazlo al tío gritando e insultando a su mujer;4. Register and Tone;4.1;Hyperbole and exaggeration;Luego el tío, gritándome e insultándome a mí por un envío a domicilio que no había llegado al mínimo, no se le podía hacer. no sé qué.
Yo pienso en, en el colegio, en el instituto y todos hemos tenido a alguien conflictivo en la clase. Y todos le hemos reído la, la gracia al que era un poco más churriole. Pero llega un punto en el que hasta él mismo se corta porque se está coscando de que se está pasando.;Cuando juntas lo problemático con lo problemático, pues lo único que vas a tener son problemas. Es un sistema de segregación que flipas.;1. Lexicon and Vocabulary;1.5;Informal intensifiers and quantifiers;Hablamos de Alemania. Me río porque es como: «Bueno, todos sabemos la movida, ¿no? Eh, no hace falta mencionar, ¿no? Venga, a Alemania, ¿no?» Dices: «Coño, no hemos aprendido nada, cago en la puta.
Yo sé que cuando me llaman por Cruz Roja es que algo ha pasado.;Me giro y viene así con la mano así y trae un puto periquito verde, tío. Que se ha caído de un árbol. Digo, pues ya está. De veterinario. Le abro la ala, le empiezo a mirar. Y ahora digo, tío, yo ahora qué hago con el puto periquito, tío.;3. Pragmatics and Discourse;3.2;Familiar address or vocatives;Como no me lo pongo en el hombro y empieza a vender cupones, tío. Pues llamé al Seprona.
Yo soy Alfonso, estudié Biología, luego un máster de Ingeniería Genética Vegetal. Luego el de profesorao me pilló la pandemia y dije: «Bueno, me preparo la opos de profesorao o me voy en mitad de la pandemia al Reino Unido a ser profesor».;No me gustó el doctorado porque todo el mundo era precario, perdío y había una chavala que se puso a graduar con 35 años, porque al fin se habían independizado los padres y dije no, esto no es para mí.;1. Lexicon and Vocabulary;1.2;Colloquial lexicon and slang;Ahora soy consultor de una empresa y pues nada.
Yo tengo mucha curiosidad.;Estás viendo el scape room y puedes ver muchos tipos de personas, pero ¿cómo se desarrolla un cani? Un grupo de canis que están ahí.;1. Lexicon and Vocabulary;1.6;References to popular culture and memes;Eso es lo peor, eh. Es que es lo puto peor. Porque es que son muy duros. También te digo, cambia mucho si el cani… Esto es como un poco… Fisiología del cani… Si el cani va con grupo de amigos o si va con grupo de amigos y amigas.
Yo, por suerte, tengo conocimiento sanitario. Empecé a escuchar: ¡po, po, po, po, po, po, po, po, po!;Me quedó pillao, veo al vigilante que se levanta, para automáticamente la escalera mecánica y me veo a un hombre mayor sentado en el suelo al lado del vigilante, chorreando de sangre. Yo me metí en el cuartillo, empecé a coger suero, empecé a limpiarle las heridas para ver cómo tenía la cara. La cara la tenía hecha un Cristo.;1. Lexicon and Vocabulary;1.6;References to popular culture and memes;El tío cayó de una escalera mecánica y cortándose con todos los escalones. Fue porque el nieto se iba a caer y para que el nieto no se cayera, lo cogió y se cayó él. A todo esto, la frase que le suelta el nieto es: ¿Qué pasa, abuelo? ¿Ya no vamos al cine?
