text_previous;text_analyzed;text_after
[empieza tema de conversación];O sigui, jo hi ha gent també i de vegades ja penso, hòstia, gordi, i si calles la putíssima boca. En plan, ostres, nano, per què no calles, loca?;És que també té moltes parts negatives d'això i té una cosa, en plan, jo tampoc considero que sigui superpolèmica, en plan, jo, per exemple, soc molt cordial, no em mullo, així com tu sí que sento que dius opinions com molt polèmiques, jo amb això, gens.
[empieza tema de conversación];A tot això, a tu realment te la suda molt el que pensi la resta? És que no ho sé, perquè jo et diria que no, que no m'importa gens el que pensi la resta, i de fet crec que és una cosa que m'ha caracteritzat des de sempre, i en èpoques molt difícils com l'adolescència, etcètera, jo també m'he mantingut molt ferma amb qui soc jo;Sempre he fet una mica el que m'ha vingut de gust, encara que fos una bogeria, però després penso que és mentida, que segur que penso tot el rato en realitat, perquè al final és que vivim en societat, és que si realment no penses en els altres, llavors ets un d'aquests bojos que va descalços i despullat i cridant pel carrer.
[empieza tema de conversación];Jo sóc molt desconfiada, però molt desconfiada. Jo pense que te me l'estan a punt de fotre per l'esquena. Tot el rato.;Mira, per exemple, el Marc Andreu, jo encara no critico amb ell per WhatsApp, hem de quedar presencialment per criticar, perquè no vull que quedi constància la meva criticada. Imagina la desconfiada que soc.
[empieza tema de conversación];O sigui, és que realment me vaig començar a fer coneguda perquè ho vaig deixar amb la meva parella i em vaig tornar loca. En plan, uau, he perdut O sigui, clar, és que jo en aquell moment se m'acabava el puto món, t'ho juro. I ara ho veig en perspectiva i dic, amor, relaxat.;Però és normal, és que hi ha moment quan ho deixes Hi ha gent que diu, és que em torno boja. O sigui, una ruptura sempre és un moment de loca.
[empieza tema de conversación];És que, de fet, aquest és el primer meló que volia obrir de la solteria, que, clar, sembla que quan ets un home i estàs solter, és una solteria escollida, en plan, estic solter perquè vull, i si ets un lligón, a sobre ets el puto amo, però quan ets una noia i estàs soltera, ja és perquè ningú et vol, mai és soltera per voluntat pròpia, sempre la idea és estar soltera perquè algú té alguna tara i no la volen, i si a sobre ets una lligona, estàs desesperada.;Llavors, clar, és que són 2 maneres de viure la solteria super diferent.
[empieza tema de conversación];Clar, però alhora és que vull dir, perdó, però ja no vull pas obrir una bandera lila, però a vegades com a tia és impossible fer-ho bé. Perquè si estàs soltera i no lligues, per a alguns ets d'autovalor, però per a alguns, quin és el teu fallo? Per què no estàs follant? En canvi, si estàs soltera i lligues molt, ets una guarra. Què faig? Mira, jo lo que trobo que hem de fer és lo que mos surti del xotxo, del cony, saps?;Totalment.
[empieza tema de conversación];Mira, jo, és a dir, jo realment me'n recordo etapes de la meva vida que estava soltera, que era una soltera infeliç, pel que dèiem de tot el rato estar pendent de dir, bueno, vale, molt bé, tinc amigues i família, però A veure quan ve el puto nòvio, saps?;I com vius amb aquella impaciència, i també allò de no saber-ho si estàs fent bé, rotllo, si lligava, em sentia una guarra per lligar, i si no lligava pensava, per què ningú m'està tirant la canya?
[empieza tema de conversación];Mira, lligar jo penso que és com anar a fer la compra al súper, que diuen que no hi pots anar mai amb gana. Perquè llavors compres moltes coses que no necessites. I quan vas a comprar al super, que ja no tens gana, fas una compra amb seny.;[acaba tema de conversación]
[empieza tema de conversación];I llavors quan vaig començar a anar a la platja amb les amigues com a pla de platja, o sigui, que ja implicava una socialització i que ja implicava totes les normes amb les que ens hem socialitzat les noies, era com, hòstia, necessito looks per anar a la platja. Com que looks per anar a la platja?;A mi encara ara em segueix fent mal gastar-me diners en roba maca per anar a la platja, perquè penso, és que és total, és per anar a la platja.
[empieza tema de conversación];Jo moltes vegades em noto com superfrenada del que estic fent perquè ja me dono cringe a la mínima, saps? O sigui, me fa cringe fins i tot anar al metro, qualsevol puta merda, en plan obrir la porta, me fa vergonya.;Això és de teràpia, eh? Hashtag salut mental, ens hem de cuidar.
[empieza tema de conversación];"Ja, jo soc molt tocona, perdoneu-me. De fet, moltes vegades, a molta gent ficava comentaris de ""aquesta presentadora és una tiracanyes"".";Sí que és veritat. Quan hi vaig anar em vaig sentir supertocada, m'encanta.
[empieza tema de conversación];De fet, jo quan anava a l'insti tenia superdepressió perquè estava com molt de moda, en plan, com més plans feies, més xula eres. Llavors era, faig un pla, ni que sigui fer un cafè de 5 minuts amb una amiga i he de penjar un instastory per deixar constància que he fet aquest pla. Era una cosa de madness molt bèstia.;I a dia d'avui, com més privat ets, en plan, la penya que ara està a l'institut, és com poden fer un pla superguai, per exemple, se'n van a Nova York un puto més, pensaran potser un Instastory I els hi pela.
[empieza tema de conversación];Estic tenint un recuerdo de Vietnam, nenes. Vaig estar a una discoteca molt gay, que no diré nom, i un tio de 50 anys va intentar lligar amb mi 50 hores seguides, jo intentant fer-li veure que no, i m'ha dit, jo soc bailarín, no sé què, bailamos, i jo així, que no, que no, que no, i jo que no, i ell, que sí, que sí, que sí, que sí, per demostrar-m'ho, de cop i volta, obre les cames fent el puto espagat i rebotant el cul contra el terra fent l'espagat.;Jo em vaig quedar...
[empieza tema de conversación];La meva conclusió és que no fer cringe també fa cringe, perquè vol dir que ets una persona amb molt NPC, amb una personalitat 0 definida. Jo crec que quan tu te la jugues a la vida i ets tu mateixa, en alguns moments fas cringe, ja està, victòries i derrotes, la vida consisteix en això.;I no fer cringe mai, no fer cringe mai, és fer cringe. Perquè vol dir que ets una persona que se senta en un bar, simplement escolta i no té pors d'Instagram, sinó que té destacadors.
[empieza tema de conversación];A la vida hi ha d'haver una mica de salsa i de vegades, si no existeix, ja l'hi posem nosaltres. Què serien les converses amb amigues sense aquell punt d'exageració? Sense aquell detallet extra que afegeix una mica de suc a una xafarderia?;Sense aquella emoció magnificada entremig de l'explicació sobre un ars de nivell totalment normal, l'exageració afegeix energia literaturesca a la vida i per això, depèn del context, podem gaudir-la molt o podem no gaudir-la gens.
[empieza tema de conversación];Després parlarem de ser businesswoman, que tu i jo en privat en parlem molt i en tinc moltes ganes. Abans, però, una cosa que a mi m'obsessiona de ser una girl és la intuïció femenina. Ull de sonada, mai falla la tirada.;Expressió catalana. Un dia la volia dir en castellà a la ràdio, la vaig ficar al guió i la lingüista em va dir, mira, en català es diu així, i vaig dir: L'apuntem.
[empieza tema de conversación];També és molt important per a l'amistat, i jo pensava que no, i no ho entenia, l'admiració. Perquè jo sempre havia escoltat allò de, és molt important admirar la gent del teu entorn, i jo pensava, xd, jo a la meva amiga Laura, no l'admiro, amb la meva puta mare fent viures, però no l'admiro.;Però ara, que et vas fent gran i cada cop tens menys amigues, el cercle es redueix, que a mi m'encanta, és la millor sensació del món, o sigui, fer lligams més forts i no tants
[empieza tema de conversación];És tan difícil ser un tio. La corba d'aprenentatge sexualment i afectivament és, primer, és tot molt jajajiji i després 0. En plan, no saps ni el que li agrada al teu amic, ni el que sent el teu amic, ni res. En plan, ets un adolescent, passes a ser un home o passes a ser un projecte d'home i després ja, ningú parla de sentiments.;És com que si fóssiu, o sigui, socialment se us obliga a ser pedres. Perquè a més, jo, amics tios em diuen, és que jo amb el meu amic no hem parlat mai dels nostres problemes, en plan, hi ha molts homes que utilitzen l'amistat femenina per desafogar-se.
[empieza tema de conversación];Tot i que l'amistat femenina té hàndicaps. Té molts hàndicaps. Com per exemple, i ara obrim el gran meló que tenia moltes ganes d'obrir, la competència entre dones.;Les ties som les més maques, les més simpàtiques, però per culpa, en cap cas per culpa nostra, no vull treure pelotes fora, però vull dir, a nivell social, evidentment encara hi ha molta misogínia, llavors hi ha una competència molt bèstia, i jo me'n recordo que jo de petita era superenvejosa.
[empieza tema de conversación];Creus que seràs milionària? Tens una intuïció dintre que dius, podria passar? O te la suda totalment i ni hi penses?;No hi penso tant, he de dir. O sigui, jo, mentre tingui una casa, estigui tranquil·la, i visqui, doncs, això, tranquil·la, no que m'hagi de preocupar, no soc gaire més ambiciós amb els diners, crec, en aquest sentit. Crec que amb això, tenint un pis així assegurat i més tranquil·la, ja estic bé.
[empieza tema de conversación];T'he de dir que se't nota que has passat com un moment de revelació on has no dic que haguessin perdut valor, però com a mínim que els has donat molta importància a les amigues, perquè el disc que has publicat, si jo quan el vaig sentir, vaig pensar és un disc absolutament d'amor, però d'amor a les amigues. Em va semblar superbonic.;Sí, va ser com un remplantejament de la paraula amor, també, per mi, que és l'amor, que ha sigut l'amor per mi durant tots aquests anys. Sí que és veritat que fins ara sempre havia escrit molt d'amor de parella, no? I em va semblar de sobte absurd, la Bruna, que és la meva millor amiga des que tinc 8 mesos, vam aprendre a caminar juntes, m'ha acompanyat tota la meva vida, perquè no li havia fet mai una cançó.
[empieza tema de conversación];Bueno, pensa que és que el que enredeix un artista són moltes coses. Hi ha la discogràfica, el management, el booking, l'editorial... Hi ha un tema judicial... Hi ha moltes coses que la gent no coneix i que també és un esforç.;Jo, perquè tinc ma mare, que m'ajuda en tot, Però és crazy, hi ha gent molt interessada.
[empieza tema de conversación];Jo ho entenc, perquè jo soc bastant extrovertida, la gent que em coneix sap que m'agrada molt divertir-me, que m'agrada molt conèixer persones noves, al final també forma part de la meva feina i m'he de trobar amb gent de diferents edats, diferents àmbits, però explicar les coses així més personals, més de sentiments, més d'obrir-me, sempre em diuen les meves amigues que em costa una mica més. Llavors ho valoren quan faig un missatge de dir SOS... us vull explicar això, perquè alguna cosa està passant.;Saps que això és una teoria que jo sempre he defensat? Que les persones que aparentment són més extrovertides de vegades som les més reservades, saps?
[empieza tema de conversación];"Superrandom, quin signe ets? Soc Aries. Tothom em diu, jo no en tinc ni puta idea, però tothom que dic ""Aries"" em mira fatal. És que les dones Aries són una mica red flag, però a mi m'agraden.";És que jo tampoc sé res, però jo vaig dir, em compro unes cartes, ja està. Però no porto les cartes, però jo te les volia llegir, però vaig pensar, no, perquè no entenc res del que I què sou vosaltres?
[empieza tema de conversación];En tot cas, una altra cosa que també volem saber és com és el teu dia a dia. Què fa una estrella de Catalunya? O sigui, el meu dia a dia és treballar tot el puto dia, la veritat.;Ara acabo la gira, o sigui, a finals de novembre, perquè li vaig dir a ma mare, en plan, que és la que em porta tot. Li vaig dir, mama, ja està. Jo a partir del novembre, al febrer torno a començar una altra gira.
[empieza tema de conversación];I la meva germana, la Paula, que és la que em porta tota la part de producció de videoclips i tal, també està fins la polla, en plan, superinsistents, però bueno, també ho he creat jo, o sigui, jo ja soc conscient de que si no paro de filtrar coses, en plan, tot el dia estic filtrant coses.;I la penya es pica ja pel Twitter, rollo, si no, i ara esperar 7 mesos, no? Pues no la treguis, doncs no la filtris, no sé què, és que m'encanta.
[empieza tema de conversación];Una altra cosa que ja hem mencionat vagament és que ens cancel·lin a Twitter tota l'estona. Mira, de veritat, si cada tuit que faig algú m'ha de dir ojalà et moris, pues, tia, és que tu ho estàs dient ara, però jo fa com bastants anys que ho dic.;[acaba tema de conversación]
[empieza tema de conversación];Tia, una persona que està servint molt de cony és la Aitana Ocaña, és la millor, ha fet un glow up de cony que em cago a sobre. Però que em cago a sobre, eh?;Ella, per mi, ha fet el mateix que va haver de fer la Miley Cyrus ballant i xupant un martell. Se l'ha infantilitzat, doncs ella va i serveix cony. Punto, ja està, i és el que li toca.
[empieza tema de conversación];"A mesura que et fas gran, comences a conèixer un tipus de gent, és que l'altre dia estava en un dinar que em va impressionar molt, i una persona a la taula està parlant de relacions obertes, i digueren ""Què relacions obertes ni que polles?"" Aquí el que s'ha de fer és tu et tires a qui vulguis i no li dius a la teva parella. De tota la vida s'ha fet sempre així per algo"".";També hi ha gent que, és com en pla, l'altre dia algú em va dir, sí, quan ja portes 3 anys amb la teva parella ja s'entén que li poses els cuernos.
[empieza tema de conversación];Però això als mil·lenials els passa molt, perquè crec que totes aquestes fases que haurien de haver viscut a l'adolescència,i no ho han viscut i llavors ho estan vivint tot com tard, saps? Perquè totes aquestes coses els han arribat tard.;[acaba tema de conversación]
[empieza tema de conversación];O sigui, generació Z som superintuitives, llavors per això no sabem utilitzar aquestes coses que són com que t'has de mirar un tutorial, aprendre-t'ho de memòria, com funciona.;No entenc res, a mi m'ho feien fer quan anava a l'ESO, i jo estava fatal
[empieza tema de conversación];És que tot va relacionat amb els mi·lenials. Tots els camins porten a Roma i totes les converses porten als mil·lenials.;Tumblr, Ask, Messenger, tot això, La meva mare fa servir Messenger encara.
[empieza tema de conversación];Aquest cop passarem a parlar amb una persona que no és tan ravera. Una persona catalana per excel·lència de sortir de festa.;La Gemeta la Divina! La més simpàtica, hola!
[empieza tema de conversación];Vaig agafar una borratxera un dia amb el roncola, per primer cop a la meva vida, i vaig dir nunca más. Totes les meues amiguen volien roncola, i jo vaig dir, va, jo també, per no agafar-me res sola, saps? I el vaig començar a beure, jo crec que me'l vaig beure molt ràpid. Era un got d'aquests d'un litre.;I com jo no sabia quin sabor havia de tenir, si estava fora o no, me'l vaig fotre com si fos Coca-Cola sola.
[empieza tema de conversación];Mentrestant, Julieta, quan vas dir, quan vas fer el boom, quan vas dir, oh, soc famosa?;No ho sé, és que jo a vegades és com que no m'entero, saps? És que no, perquè clar, jo d'això no sé, moltes vegades ho reflexioné perquè em sento així, però no sé, és que jo em sento com sempre igual, com que tampoc Però no és sempre igual perquè has anat als putos Grammys, també.
[empieza tema de conversación];I bueno, és que aquest tema va ser del gener, o sigui, en feia un munt que el portàvem per live, va sortir a l'estiu. O sigui, em va costar molt com trobar els timings per poder treure-ho, per gravar-ho, per tot, o sigui, molt, però ho ha petat molt.;Molt, ho ha petat un piló.
[empieza tema de conversación];Per primera vegada hem portat algú que el seu imperi romà és l'imperi romà de debò. Però perquè tots els homes necessitemtenir una autistada amb la qual enganxar-se.;Però espera't, una pregunta. Llavors, tot Roma en general vol dir que la Roma vol dir que Roma ara mateix... Olora malament i està molt bruta.
[empieza tema de conversación];Un dia, un dia, estava tornant l'Unai de la dutxa i em vaig amagar al lavabo. I vaig pensar, soc la millor, susto, divertida, she is so crazy.;"I de cop li foto un susto i fa ""Ah, Estava així"", tia, i jo pensant, gay."
[empieza tema de conversación];Què opines de l'Alberto Gadel? És divertit, és qui posa l'esquena a aquest podcast. És que sabia que diria alguna cosa bona, només per llepar-te el cul, és que és un maricó.;[acaba tema de conversación]
[empieza tema de conversación];Belén, quan em vas començar a seguir al TikTok, vaig tirar el mòbil al terra. I llavors vaig dir, bueno, és el meu moment de tirar-me un triple i escriure-li un missatge.;Hola, vols venir al meu podcast? Jo pensant, mai seré resposa.
[empieza tema de conversación];Jo ho recordo tots els youtubers que hi viuen en aquell moment, i jolín, era molt guay. Poca representació catalana, tant de bo més contingut en català.;És veritat. Però saps què passa? Que no teníem referents, saps? I era com ser el primer, ja costava molt.
[empieza tema de conversación];En fi, tornant a les xarxes de la pressió social, hashtag pressió estètica. Jo m'estic tornant molt boja. Jo jo ara que em dedico a això, m'han sorgit tants complexos de sobte de quan xerres, fas així amb la boca, quan no sé què… coses tan estúpides.;No, però és com, tu quan et miris has de veure el que no t'agrada millorar-ho si pots, i si no és que és la teva manera de ser, i no és res dolent, saps?
[empieza tema de conversación];L'únic que, en tema projecte estètic a xarxes, la gent diu molt Photoshop, tant no sé què, ara el Photoshop per mi té un punt boomer, jo crec que ja no s'utilitza tant. Sí, i també, sobretot, el retoc i les operaciones estètiques.;O sigui, a veure, jo amb les operacions estic super d'acord sempre i quan ho facis per tu, no pel que pensin els altres sobre tu, saps? És com, si a mi m'acomplexa, jo què sé, per exemple, jo tinc el nestor perquè ma germana em va fotre un balonazo quan era petita i em va desviar el tabique, però és com, si puc respirar, respiro.
[empieza tema de conversación];La meva millor amiga és advocada. I veig com va quedar a dir que fa outfit of the day a l'ascensor i dic, és que em moro si he d'anar així.;O sigui, jo no podria ser advocada si he d'anar així vestida, amb bufete, saps?
[empieza tema de conversación];Ah, et volia parlar sobre això, no estava en el guió, però crec que una cosa que tenim en comú, tu i jo, i molta gent que es dedica a la comunicació, és que som pick-me per naturalesa in a good way.;En plan, crec que ser pick-me, ho he après gràcies a tu i amigues meves que també ho som, és una cosa bona, que ve donat per el nostre aferrament ansiós. I crec que som pick-me en els vídeos i som una mica pick-me a la vida real, però som així.
[empieza tema de conversación];Però és molt guai, en veritat, tenir molts germans. És la hòstia.;I mira que tu fas molta pinta de ser filla única. Hi ha gent que la veus i automàticament diu filla única.
A més, avui parlarem d'aquest tema perquè tu i jo estem en el mateix moment vital i vaig pensar Necessito que vingui Cèlia a Espanya, i és la solteria.;Em sembla super. Perquè estem solteríssimes, oi Cèlia? Solteres i plenes.;A més, és fort que tu diguis això perquè tu et vas començar a fer coneguda per el tema de Busco un catalanet.
A mi em passa que a vegades sí que em sento una merda de persona, però crec que dintre de la gent tinc prou de seguretat de mi mateixa.;I amb el tema de les idees crec que potser és perquè estic envoltada de gent que té molt bones idees tota l'estona, però em trobo a mi mateixa sempre admirant les idees dels altres i el que sigui i pensant que ni fu ni fa.;Llavors penso, clar, també és veritat que llavors és molt fàcil. Si un dia tinc una idea, llavors potser sí que puc ser jefa.
A mi fa un temps, fa pocs mesos, em va enviar un missatge per Instagram una influencer espanyola, molt coneguda. Es diu **** no sé què.;Osigui que esta noia és tonta del cul.;[acaba tema de conversación]
A mi m'ha acostumat a passar bastant, vull dir, no és molt recurrent, per sort, però que sí que hi ha molts homes que em diuen en plan, bueno, jo estic veient els teus vídeos, crec que tens molt potencial.;Els homes dient, donant-te el copet a l'esquena, crec que tens molt potencial. I, ojo, no és una qüestió egocèntrica, ni és una qüestió de creure més que ningú, però aviam, i de dir-me, però crec que si fessis això als vídeos, i fessis aquesta edició, i parlessis d'aquesta forma, tindries més viralitat.;Sí? Molt bé, moltes gràcies pel consell. Moltes gràcies, vaig apuntar-m'ho a la meva llibreta invisible.
A mi també, perquè hi ha cada gent que fa unes merdes, com, per exemple, els 3 homes que llueixen exactament igual.;És que jo, és a dir, com a creadors no els coneixia, els he conegut arreu de treballar amb algun d'ells... O sigui, he mirat el seu contingut després de treballar-hi, llavors ara hi ha alguns noms que en sé, però és veritat que encara em perdo una mica. Doncs imagina't jo que sóc TDAH.;[acaba tema de conversación]
A part dels prejudicis que engloba l'estètica, també és molt complicat quan ets noia o et sents identificada com a noia, perquè és igual, tu pots ser divertida, tu pots ser llesta, però sobretot sempre has de ser guapa.;O sigui, jo me'n recordo, per exemple, a l'institut que t'estàs descobrint, que jo vaig veure que era una, això, evidentment, va a opinions, però jo em considerava una tia bastant divertida.;Però em costava molt mostrar aquesta faceta divertida amb gent, perquè era com, primer de tot, el més divertit de la taula de ser un i jo rient a bromes de merda sobre futbol que evidentment no em feien ni puta gràcia i segon de tot és com ostres que de sobte sóc menys atractiva si faig una broma vulgar és que no és de noia ser graciosa saps?
A tu això t'ha afectat, en l'hora de tenir cites o tal, o de la teva autopercepció, o de saber que la gent pot pensar això de tu? Sí, sí, sí, m'ha afectat, de fet, quan he sortit de festa, però és que realment m'ho he buscat jo, eh?;Quan he sortit de festa a llocs, en plan, low profile, rotllo, no vull que em conegui ningú, no sé què, jo sortia amb les amigues, i clar, la gent me coneix a mi, però no a les meves amigues, llavors, si hi ha una amiga meva a por ahí i hi ha un grupet, ells poden escoltar les converses de la gent parlant de mi, llavors la gent com ha de dir alguna cosa com la del català, o sigui, frases odiant el fet que jo busqués català i jo estar en aquest mood, saps?;En plan, ensenyant-se la polla i dir, mira, aquí tens el teu català, no sé què, saps?
A veure, també com que jo crec que si ets petit, vas agafant una mica de, això m'agrada el meu germà, això li surt bé, vaig a veure com ho fa, saps?;En plan, sí que és veritat que, per exemple, si veia la Irma o l'Alba que sí que estan més properes a la música, no? I tal, doncs sí que veia, buà, m'agrada com fa això i tal, i jo, potser al meu germà li vaig copiar fer skate.;Sí, sí, que et contamines molt dels teus germans, sobretot si ets el petit, com és el teu cas.
Ahir vaig estar parlant per primera vegada amb un home i em va dir, estic esperant el teu Get Ready With Me quan quedem per fer una birra. I vaig pensar Toca parar, jo no soc més tiktoker.;"Però perquè en el moment penso, jaja, quina gràcia, i ho penjo pensant que no ho veu ningú, i al final ho veu gent, saps? I és com ""Ay quina por"".";Ja, però és que no sembla que ho vegi gent, perquè tu penses, són números, potser són totes més visualitzacions de tantes vegades que miro el puto vídeo.
Així que anem a parlar de normes no escrites. És que en les amistats hi ha normes no escrites, és a dir, hi ha còdics que no cal verbalitzar, però que tu ja hauries de saber que està obvi o malament.;Per exemple, per mi és superimportant que si tens una amiga o un amic t'ha de dir si tens un nòvio de merda o no. És una cosa que genera molta controvèrsia, perquè separa molt. En plan, si tens un nòvio de merda, és com, ostres, o el teu nòvio o jo.;Però jo crec que aquesta primera instància de, aquest paio tatuat amb bigoti, és un gilipolles.
Això de dir que li passa a tothom i que persones que tinguen el meu entorn, que són superavisades a la moda i que els encanta, tenen la mateixa sensació, que és que a l'estiu et despulla d'identitat i estil personal, perquè de cop i volta la practicitat de no morir-te de calor passa per davant de totes les idees creatives que tu tens sobre com t'agradaria vestir.;"A mi m'ha agradat el que deies, Clàudia, no és per començar dient la culpa, és del capitalisme, i m'he recordat com d'un meme que és la carta de ""chúpate 4"" del Uno, però que és la culpa és del capitalisme.";I una cosa que m'ha passat aquest any és que tinc la sensació que aquest estiu està sent pitjor per tenir un cos. I llavors m'agradaria com posar aquest tema sobre la taula i que em digueu si esteu o no esteu d'acord.
Al mateix temps, també crec que jo crido tant justament per tenir molts germans. O sigui, perquè era amb tanta gent casa meva. Perquè no t'escoltes literalment. El que tu vens a casa meva, o sigui, el meu nòvio el primer cop que va venir va dir, uou. No es pot explicar.;O sigui, és com jo, per 5, les meves germanes anades de la castanya, el meu pare, el meu germà Molta gent, tia, i tothom cridant.;Hi ha molt poc temps per dir les coses. Llavors, o les dius ràpid i cridant, o com també diuen que les ties parlem molt ràpid perquè sempre se'ns ha deixat molt poc temps.
Aquesta cosa que tens, o sigui, jo et noto molt l'actitud aquesta de dir, posem el freno, en un moment on podries tornar-te absolutament loca i dir, vaig a aprofitar totes les oportunitats que m'estan sortint i generar-ne encara més, però anem a poc a poc, fem-ho bé, cuidem-ho, no correm massa. Això et va sortir des del primer instant? O és una cosa que te'n vas adonar perquè et vas entrebancar mig camí o perquè de sobte vas dir, ui, poder això, està agafant una velocitat que veig que no serà bo pel meu projecte?;Jo crec que sí que potser vaig començar més a tope, amb tot, però no, no, va arribar un punt que era com és que per fer les coses bé i per construir alguna cosa sòlida has de fer les coses a poc a poc, molt ben pensades, molt cuidades. Jo també sento que com a artista he crescut molt i també vull ser una bona artista, em refereixo com a cantant, com a compositora, si tot això no és molt sòlid i no tens una base molt sòlida, no m'agrada tirar-ho tot, no sé;Vull viure-ho tot també, m'agrada viure-ho, jo ho disfruto molt aquesta feina, m'encanta aquesta feina, no em vull anticipar, no vull cremar tapes, vull viure-ho tot bé i també coherent amb mi, no vull forçar res, a vegades sento que potser sacrificar coses per aconseguir altres coses.
Ara està molt de moda parlar d'això amb Just a Girl, tal, no sé què, però tu ja fa molt temps que parles d'això. Com ho portes?;La veritat és que ho porto bé, ho porto contenta ara mateix, però els 3 cops que tu i jo hem coincidit he dit que ho portava regular. O sigui, molta teràpia, perquè parlar de I'm just a girl en un món d'homes és força complicat, però aquí estem 2 ties intel·ligents, que crec que és important que ens ho diguem a nosaltres mateixes i anar fent, a poc a poc.;En públic es porta bé, sense càmeres es porta fatal.
Ara hem començat per fer-te unes preguntes d'introducció.;La primera és, de l'1 al 10, com és de pesada la gent amb la teva família? Jo crec que de l'ú al 10, un 7. A la que t'acostumes, baixa. l feedback del principi potser sí que et toca la polla, però jo crec que ara és un 7.;Pensàvem que estaries més farta, eh?
Bé, avui parlarem d'un tema que té a veure amb l'estiu, però que té a veure sobretot amb com nosaltres ens relacionem amb l'estiu i en com percebem que tenim un cos a l'estiu, perquè a l'estiu molts cops hi ha molta gent que torna a prendre consciència que no només és un ésser que és un ànima que volta pels llocs, sinó que aquest voltar pels llocs implica que hi ha un cos que es desplaça i aquest cos té moltes formes i a l'estiu normalment es veu més.;No parlo només d'anar a la platja, parlo de moltes altres coses, de com ens senta la roba, de si subim les samarretes, de si se'ns veuen els mixelines dels braços, o sigui, jo crec que prenem més consciència a l'estiu que tenim un cos i de quin cos tenim.;Llavors, no sé si això ens passa a tots, si no, no sé què penseu vosaltres.
"Bé, de fet, vaig començar a fer en una secció el ""Tot es mou"", potser fa 4 anys, perquè és prepandèmia, per Skype. Sí, i parlava molt del que jo volia. A més, em van fer un tipus de prova que clar, que jo no sabia que això passava, que era com, et volem fer una entrevista un dia, em van dir. I jo, ha vale de puta mare.";I em van fer com una entrevista com per Skype, que no sé ben bé de què vam parlar, però era com per parlar d'un tema concret. I ella ens en va trucar al cap d'una setmana i em van dir, ah, bueno, sí, també, en plan, si ens podem veure la temporada que ve i et fitxem, també. I jo, evidentment, I'm super in.;"Clar. Després va resultar que em sembla que el ""Tot es mou"" va ser quan a les manifestacions del 19."
Bueno, venim a dir les característiques d'aquest tipus de persones, de les mil·lenials.;Jo, de fet, tinc un TikTok que es va fer molt viral i molts de mil·lenials es van enfadar molt perquè els vaig criticar, però és que, amore, si dic verdades como a puños i t'ofens, és per a algú. Si et sents identificat no és culpa meva, què diríem?;O sigui, el hate està justificat sempre i quan l'altra persona se senti malament.
Cal, realment, parlar tant, explicar tantes coses, o sigui, cal. I pensava, demà serà diferent. I allà ens intentava canviar la meva personalitat, en plan, demà aniré i estaré en silenci i tal, no sé què.;Evidentment no passava, i a l'adolescència encara es va incrementar més, perquè a sobre jo vaig viure l'adolescència en un moment on crec que es premiava molt el fet de ser una noia misteriosa, on la Vanessa Hudson era el model a seguir, i per tant, si tu eres una tia que rutava i cridava tota l'estona, doncs no acabaves de ser ben vista.;És que per mi hi ha com, amb les meves amigues tenim una teoria, que és que hi ha com 2 extrems de persones. I pot sonar, pot semblar que ho dic despectivament, però gens ni mica, eh? Però per mi hi ha com les persones polèmiques, que és això que estem dient, i llavors hi ha com contràriament les persones gris.
Canviant molt de tema, volem saber com descriuries el teu fandom, perquè jo crec que és com les Swifties, però a versió catalana. O sigui, és terrible, està tothom completament obsessionat, tothom porta gorra, és una cosa Sí, les gorres són superintenses, són megaintenses, lesbianes, gais, girls És molt heavy, és molt heavy.;Jo, el meu fandom crec que són lesbianes, nois que els agrada molt el futbol, perquè llavors tinc la connexió aquesta, i gais, però no crec que tingui tants homes gais, eh?;Tinc més, o sigui, sí, en plan, tinc bastants, però jo crec que tinc molta més lesbianes. I lo de les lesbianes és surrealista.
Com ens hem d'imaginar per això el dia a dia a Can Farelo quan éreu petits? Jo m'imagino el vostre pare tocant la guitarra tot el rato, la vostra mare ja fent de manager, però a nivell familiar;No, en veritat, a nivell artístic era superchill, en veritat, o sigui, com una família numerosa, ens despertàvem a tots, anàvem amb bici fins al col·le, anàvem al col·le i després ja ens van començar a apuntar a fer classes de música i tal, però com qualsevol família, la veritat, en plan, no estava el meu pare tocant la guitarra.;Però com qualsevol família, numerosa. Perquè jo crec que es nota molt l'energia de quan algú ha crescut en una casa amb molts nens i quan algú ha crescut en una casa amb menys nens, que crec que les cases on hi ha més infants són cases amb molta més creativitat, molt més explosives.
Com es modernitzi, s'haurà perdut Catalunya. De fet, espero que no es modernitzi mai TV3.;És igual que una persona de TikTok Catalunya, que avui ha penjat, o ahir crec que va penjar un TikTok, la cosa més boomer que he vist a la meva vida, i tu l'has vist perquè has comentat.;De fet, crec que ets l'únic comentari. Com un vídeo de música que ha penjat de la Cèlia Espanya.
Com ha perjudicat o ajudat, no sé quina 10 ser la paraula correcta, el projecte de tiets a la vostra relació com a amics?;Hòstia, jo crec que al principi era més difós i potser més complicat, però amb els anys també hem sabut trobar els espais com a col·legues i els espais de feina, no?;Podem estar un diumenge a la muntanya com a col·legues i el dilluns a les 9 del dematí em pot estar fotent una trucada dient-me, espavi la casa meva, no sé què…
Com volem dir, és un perfil de població molt concret, no era en general, i llavors deia que tenia a veure com amb la percepció que ha augmentat els casos d'assetjament i que per tant és una mesura reaccionària, clarament, saps?;Crec que, sobretot parlant d'aquestes generacions més joves, el que sí que és veritat és que les últimes buzzwords en el món de la moda, en el món de les estètiques, totes tiren cap a aquesta cerca de la respectabilitat, com clean girl, noia neta, old money aesthetic, algun altre joc de paraules amb ser ric, trat guai, Total quiet luxe, i totes aquestes coses.;Com que és una cosa que tira molt cap a una disfressa, respectabilitat, i que jo crec que si existeix en forma d'estètica, que ens serveix per jugar a vestir-nos i no sé què, alhora també existeix la cara de la moneda, que són els discursos que potser reben nois més joves o això, que es tornen a parlar de si hi ha una porta que s'obre amb totes les claus, no serveix per res, o que es tornen a fer aquesta mena de comentaris com a forma d'entreteniment
Coses bàsiques que ha de tenir una amistat: intimitat i confidencialitat. Però, aviam De fet, et diré una cosa. Aviam, que tu i jo, confidencialitat, tu sempre em busques alguna cosa per dir tu. No hi ha confidencialitat, sinó que hi ha un sentiment de confidencialitat.;Sí, home! No diguis això perquè jo sóc una tomba, eh? Però una cosa són secretets de merda, de mira, et faig la pullita i et tiro el secret aquí ara que ens estan gravant, però secrets de veritat? Tío...;[acaba tema de conversación]
Crec que hi ha una cosa generacional, aquests 6, 7 anys que ens diferencien, que va marcar molt la meva generació, perquè no era només una cosa meva, era una generació, sinó una cosa de tothom, no?;Que el 2016, 2017, quan començàvem a tenir 17, divuita anys, portàvem ja tot un background, com revolucionari o pseudo-revolucionari adolescent, d'escoltar auxili, escoltar ZOO…;Però tu escoltes aquesta música sense que això impliqui necessàriament tot el que a nosaltres ens va implicar, que era en plan, val, hem de ser veganes, màxima de deconstrucció, o relacions obertes, sinó tenir poliamor, en plan, tenir relacions de poliamor, i a més a més condemnar tot el que no sigui així, saps?
Creiem que hi ha molts hits dintre del disc, que tots són molt rodonets, explicar algo cada cançó i vam tenir nervis durant el procés i el dia abans de treure'l, però ara estem tranquil·líssims i amb ganes d'estrenar-ho.;Jo crec que el més important és estar en pau amb un mateix i pensar que l'obra que has parit està de puta mare i estar content i que el teu entorn més proper també ho visqui així, no? Hi ha els 4 que no els ha agradat, òbviament, perquè ha d'haver-hi diversitat d'opinió, però més enllà d'això, la rebuda ha sigut molt guai.;I que és positiu que hi hagi gent que no li hagi agradat el disc, perquè vol dir que ha arribat a un públic que normalment no té accés a aquesta mena de música, i això vol dir que sou mainstreams.
De fet, jo crec que el sistema educatiu està mal muntadíssim per moltes coses, però sobretot la Inés Hernán, que és una gran referent, que per cert ara està sent cancel·lada perquè la gent és una envejosa.;Doncs, em va dir una cosa que em va semblar superinteressant i vaig dir, uau, te amo, que va dir que creia que el sistema estava muntat d'una manera que era com tu esculls què vols fer i se't diu quin camí has de fer, no, rotllo... Tu amb 18 anys què vols fer?;I que ella pensava que la vida era més anar construint el camí per moment, rotllo. Què m'agrada? Això. I això ja t'està construint un camí.
De fet, precisament per el cabell blau i altres coses t'he portat a parlar del tema d'avui, que és sentir-se bé, el marcar la teva identitat, la teva marca. I el tema del cabell blau, és a dir, per molt que comencessis una mica per, no per pressió, però en tema, per buscar la teva d'allò, a dia d'avui consideres que és una cosa fonamental per tu, no? A nivell estètic.;"Sí, tindre els cabells blaus és una marca meva, 100% , i que també m'ajuda com a identificar-me, no? Amb la gent que diu ""la noia del cabell blau"", I de fet, jo crec que hi ha gent que em veu pel carrer i em busca i em troba i em diu ""ah, és que t'he vist"", i és com, en sèrio?";O sigui, com és això? I és com, marca una mica la diferència. I de fet, el cabell fantasia es portava fa 5 anys o així, ara ja no es porta tant, ja no veus a tanta gent. Però és com, jo no m'ho vull canviar per moda, és perquè jo em sento còmoda així, saps?
De què parlarem avui? Bueno, és broma i no és broma perquè avui volíem parlar d'un tema que ens afecta una mica a totes. I jo crec que, no només a nosaltres, sinó a tothom en general, que és el tema del manar. Perquè, o sigui, un cop d'estat no, però a tothom li han manat algun cop a la vida, segur.;Clar, has de ser un nen d'aquests d'escola Waldorf, no? I tot en el teu entorn ha d'haver sigut d'un progre total perquè mai ningú t'hagi manat. I després potser ets un nen d'escola Waldorf iI penso, i després canviaràs de món, sortiràs de la teva bombolla i inevitablement algú et manarà.;Clar, o tu manaràs sense voler, perquè aquesta també és l'altra, de vegades dones una ordre sense saber-ho, sense ser conscient que allò és una ordre, passa amb la sal, és una ordre en realitat.
Doncs mentre jo estava cridant, sent feliç, em va dir «Ai, Rubio, podries baixar el to de veu?», tal, no sé què. Em va dir això. I t'ho juro, clar, jo estava en un moment molt sensible, era un moment complicat a la meva vida. I va ser el punt d'inflexió de dir «Però s'ha acabat». I ara ho penso i dic, imagina't que li hagués fet cas i m'hauria callat la puta boca, és que m'hauria perdut moltes coses molt divertides de la meva vida i molt divertides de la meva personalitat.;És que és una cosa complicada, perquè a mi ja m'agrada també cridar molt l'atenció, això ho diu molt la Úrsula Corberó, en plan, és que jo et dono la nota i m'agrada donar-la, en plan, estic còmoda amb això.;Si ets la Úrsula Corberó o ets la Carla Rubio, doncs a mi m'encanta quan ho feu, però després, clar, jo també detecto que això pot ser un defecte. O sigui, jo hi ha gent també i de vegades ja penso, hòstia, Gordi, i si calles la putíssima boca.
"El pedant número un és el que estudia polítiques. Cap mena de discussió, espero, perquè és lògic. 
";Després hi ha el de l'home que ha estudiat filosofia, que ho sap tot. S'ha llegit Nietzsche amb 3 anys i aquest senyor ja ho sap tot. Ho sap tot sobre la filosofia i tu no saps res sobre cap àmbit de la teva vida. Tu ets tonta, tia. Tu ets tonta, amore. Date cuenta.;Amb prou feina respira. De construeix-te una mica i llegeix o algo, saps? Només et vull fotre la titola a dintre, ja està.
El vídeo va passar de mil visualitzacions a 100000, que jo sé que per TikTok és cem mil no és res, però un tema de mil a cem 1000, hòstia puta! I a sobre, clar, tot homes!;Em van començar a seguir molts homes, tot documentaris sobre com eren les tites, i jo en plan, no sé què és una tita, no n'he vist mai cap, deixeu-me en pau, no vull parlar d'aquest tema, i res, i estava tan frustrada que vaig estar a punt de penjar una història de TikTok, que no hi ha res més boomer, ja ho sé, però us ho juro que vaig estar a punt de fer un Risto Mejide del pal: Se viene comunicado.;Se viene comunicado, dient: Nois, gaudiu del TikTok, gaudiu del vídeo, però no em seguiu perquè no és el contingut que espereu.
Els d'aquí a Catalunya no fan res. No et donen ni diners, es queden els teus drets d'autor…;Com que les discogràfiques catalanes, no vull parlar, no vull tirar merda ni res, però cap m'ha convençut perquè és que realment no posen ni un puto euro per tu i es queden coses del que fas i és com, no els necessites per res actualment.;Renta molt més que facis un TikTok de la teva cançó que una discogràfica et posi a la llista de, no diré una ràdio, però ja m'esteu entenent.
Els nens tenen les eines per rebre totes aquestes informacions que els arriben de les xarxes i fer-ne una anàlisi intel·ligent i saber diferenciar el que és veritat, el que és mentida, poder construir una opinió sòlida a ells. Hi ha molta mania, que em fa molta ràbia, en tractar l'audiència de tontos. Perquè si tu tractes l'audiència com a tonta, un dia l'audiència serà tonta.;I si ens tracten com a tontos potser és perquè ens volen que siguem tontos del cul.;O sigui, per això jo crec que és important tractar la gent com persones adultes i intel·ligents. Després que hi haurà tontos, està clar, però ja mirarem una altra cosa. Però tu tracta la gent com a adults.
Em sentia més Hannah Montana quan treballava de monitora, perquè, volguis o no, quan tu treballes de monitora t'has de ficar amb la tessitura de monitora, en plan, no pots estar xerrant com quan xerres amb els teus amics fent birres. I ara em paguen per xerrar com xerren els meus amics fent birres.;O sigui, em sento menys Hannah Montana ara, que puc estar tot el rato sent jo mateixa, que no quan tenia una feina més convencional. És perquè dius, de cop i volta, vaig a la uni, soc una ronyosa, i de cop m'arreglo i me ve a buscar un taxi de TV3 per anar a gravar un podcast. Saps? Sols ho volia criticar i pensava que us pujaríeu al meu carro.;[acaba tema de conversación]
En el moment en què tu detectes que fas cringe, ja és impossible que facis cringe.;Si ho fas conscientment, és com quan intentes fer una cosa malament expressament O sigui, quan tu fas alguna cosa i saps que fa puta vergonya, però ets conscient que està fent puta vergonya, ja no fas tanta vergonya, perquè és com aquesta persona no és conscient i ho fa igual, li la pela, per tant, per mi estàs servint.;Si saps que estàs fent puta pena, però ho fas igual perquè te la pela deixes de fer cringe i estàs servint. És la puta fina línia, eh?
En fi, per anar tancant, que ja portem una torre important, jo volia fer una mica de top de ties icòniques, que em semblin supericòniques.;Per a mi, l'Ester Expósito. De veritat, si la veguessi li diria, en plan, xapo, ara s'ho ha canviat amb un perfil més professional, però fins fa poc, quan entraves al seu fit, tenia una frase de feminisme.;Ara s'ho ha canviat perquè, mira, una empresa, jo què sé, me dona igual, no? Però que és una tia que sempre es posiciona molt.
En plan, ja està, és que potser no li ha sortit suficient a la gent, o ja faré un vídeo més graciós, o potser amb el temps No t'ha passat a tu que de cop i volta se't viralitza un vídeo de fa mil anys? Vull dir, ja està, o sigui, el valor de les coses no és la cosa instantània.;Però sí que una cosa que m'ha ajudat molt és una pregunta que sempre em feia la meva psicòloga, que és com, què és el pitjor que pot passar? Saps què vull dir? Què és el pitjor que pot passar si aquest projecte no funciona? Què és el pitjor que pot passar si aquest vídeo no funciona? Que la gent pensi que soc una merda.;Si la gent pensa que soc una merda per un vídeo que potser no té tantes reproduccions com els altres, potser s'han de buscar una vida.
En plan, jo tinc una família estructuradíssima, que sempre m'han donat molt d'amor, sempre he tingut molt bones amistats, llavors Sempre he tingut gent que m'ha validat el poder ser jo mateixa. Jo penso que si potser hagués tingut menys sort amb les amigues i tal, hagués 7 més tímida...Perquè, per exemple, això que deies, em va fer gràcia quan has dit que un dia vas arribar a casa i vas dir, Juliana, mai més, en plan, he de callar més, tal.;Jo haver-hi un any de la meva vida, que sí que no vaig tenir tan bones amistats, i el dia del meu puto cumple, un dia, jo quan estic contenta és allò que crides, que fiques la veu més aguda, que estàs com més insuportable, però que t'han de dir calla, calla.;Perdó, estic feliç, saps? Em perdó per estar contenta. I un puto tio que estava al meu puto spa d'aniversari Quants anys tenies? feia, no sé si 19 o 20 anys. Ui, però època complicadíssima.
En plan, jo, em costa jo soc d'amigues de tota la vida, tal, però alhora, no ho diries perquè realment crec que soc bastant sociable, en plan, no tinc problema mantenint converses, tal, no sé què, però explicar-te coses de mi em costa molt, soc molt reservada. Ja has vist que amb el de criticar jo no puc... Jo he arribat aquí, el primer que he fet és rajar, perquè allà Hem hagut de apagar el micròfon?;És mentida, perquè el primer cop que tu i jo ens vam veure en persona, em vas fotre una xapa de tu mateixa i jo sé tota la vida de les teves germanes.;No, bueno, i no sé què, i em vas dir que no sé què, i jo en plan però anècdotes.
Era de València, clar, ells se pensen No, era un tio que no sabia català, saps? Ni valencià, ni res, que valencià al final és català. No, no, era anglès que vivia a València.;Era anglès, potser no és el concepte que teníem de catalanet, potser sí que és veritat que no van acabar de llegir el teu formulari. I a més, si és un guiri, m'és igual si almenys respecta la llengua i la cultura catalana.;Aquell tio no sabia, ni got no sabia dir-ho.
Era una quedada, que ja sabíem què era, que aquella persona ens anava a proposar això, i tota la resta estàvem com a favor que havia de pagar igual que tots. I jo em vaig prometre a mi mateixa, Carla, quan ho digui, calla la boca i que sigui un altre el que diu que ha de pagar com tots, no siguis tu la pesada que ho diu. Ens ho va proposar, 2 segons més tard ja estava jo.;Bé, jo crec que no sé quan hi va passar de ser una polèmica grupal a una polèmica mèbida, aquesta persona. Perquè no puc callar-me la puta boca, tia.;I mira que Llavors per mi, com la resta, van ser com això de persones grises en plan que ni te n'adones, com que no s'han mullat, ni te n'adones que ho havien de fer. T'entenc perfectament.
És com la colla de replegats de la UAB, però en comptes de fer castellets arruïnats;Ay, però quina por em fa passar per davant de la colla dels castellers de la UAB. Però, una pregunta, es cauen? Sí, perquè qui no arrisca no pisca.;Tia, jo quan torno de la piscina i me'ls trobo sempre penso, i per què no estan fent castellets?
És molt millor intentar fer cringe i fer gràcia que intentar fer gràcia i fer cringe. És que això és molt complicat, eh?;Perquè quan tu fas humor, hi ha penya que es despilota i li fa molta gràcia i hi ha penya a qui literalment li fas cringe. Però sempre li faràs cringe a algú i a mi me la pela.;Jo, quan vegi això, diré cringe i ja està. És que hi haurà de la conclusió que tot fa cringe. Absolutament tot pot fer cringe.
És que això és una persona que dona valor a les amistats, perquè és el que tu dius, hi ha molta gent que és com, les amigues és el que tens a l'adolescència, jo la que tinc nòvio, la meva vida, el meu nòvio.;I és del part, amore, quan en Dani et deixi, qui et quedarà serà la teva amiga i li faràs un comeback i si és bona tia te l'acceptarà i si és rancorosa com jo… doncs… peineta;Una cosa és, et fan un comeback un cop, totes podem equivocar-nos, però hi ha penya que té més cara que esquena i 80 comebacks, que és com ja, tira, prou, joder, amb el comeback.
És que és veritat que a tu sembla que tinguis més anys els que tens, no físicament, sinó per activitat.;És que és veritat que a tu sembla que tinguis més anys els que tens, no físicament, sinó per activitat. O sigui, abans em deia jo, és que jo m'estic quedant gran i dic, tia, tens 25 anys?;Però tu ja estàs en plan, no puc més. Tinc 25 anys, però jo crec que estic contaminada per la gent del meu entorn, perquè jo em relaciono amb gent molt més gran que jo, no per res, no vull fer pícmi d'edat, no, jo és que només vaig amb gent més gran.
És que la cosa que està de que no tens per què tenir només una parella, sinó que en pots tenir 2. Hi ha diferents maneres de poliamor? Poliamor jeràrquic, en plan, clarament tens un nòvio que és superior als altres. Poliamor anàrquic, que és en plan, totes les relacions m'importen el mateix, no hi ha com més nivell de intimitat amb ningú, que és en plan, això és mentida.;Perquè només amb els teus amics ja les relacions estan descompensades. Jo tinc amics que veig cada dia i amics que veig un cop al trimestre. Les relacions humanes en general són descompensades. Dintre de la meva pròpia família tinc germans amb qui em porto pitjor i amb germans amb qui em porto millor. És inevitable perquè connectes més amb algú, perquè hi ha circumstàncies que fan que et vegis més amb algú altre o amb tal. O sigui, és que a mi aquest rotllo hippie flower de fer veure que pots estar amb tothom, amb 6 nòvios diferents i que els 6 te'ls estimis igual, amor, baixa.;Però és que és possible enamorar-se de 2 persones a la vegada? A la vegada Sí, enamorar-se de 2 persones ho trobo possible. El que no trobo possible és que siguin les 2 que les estimis de la mateixa manera igual.
És que la xica em va dir, podríem parlar de coses com l'amor propi i tal, que és en plan, que ningú se senti ofès, en plan, és que no hi ha cap frase, no hi ha cap, fins i tot jo, que sóc 0 polèmica, és impossible que res del que digui ningú s'ofengui. I jo mai m'atreviria a parlar d'amor propi, i t'ho dic de veritat. No, i a més, com que t'has d'obrir molt. A més, tia, i primer de tot, quin és el propòsit?;En plan, que jo no dic que ho hagis de fer tot des del cor i des de l'ànima, no estic pas dient això, eh? Vull dir, jo ja ho entenc, que ella fa com TikToks de ball i de maquillatge, en plan, no parla molt, i entenc que potser per ella era un repte, faig un podcast, però si de veritat no tens res a dir...;O sigui, perquè a mi part de la satisfacció al final de treballar del que treballo és també al final sentir que he pogut explicar coses de mi, que he pogut treure temes que jo tenia al meu cap.
És que per mi és molt important el respecte Per el que hem estat.;"Allò de ""Finals perfectes"", No! Acabar una relació, sempre tens unes setmanes que l'odies, que la mires i penses xd. Però és molt important, tio, recordar els moments bons i, per mi si t'he estimat, mínim respecte. Jo no et dic fer-te una abraçada si trobo pel carrer si has fet una cabrona, però puto respecte, tio.";De fet, això ho lligo amb la meva altra norma no escrita, que una cosa és, mira, en Dani, que ho deixes amb en Dani i vols escopir-lo pel carrer, escopa en Dani, però amb les amigues és molt important acabar bé.
És una etapa L'any passat en vaig fer moltíssimes, i m'ho vaig passar tan bé, però és que tan bé, i no ho oblidaré mai. I això, i viure el moment, amb l'equip, anar de gira, és una cosa divertidíssima.;A mi m'encanta estar a l'escenari, m'encanta la performance, el xou, el backstage també m'agrada moltíssim, viatjar junts;És que estàs amb un equip de 15 persones quasi cada dia, cada setmana, potser 2, 3 dies, i hi estàs moltes hores. Al final el xou és una hora, però tot lo demés són hores i hores.
És veritat que els mil·lenial an servir el Google i si tu t'hi fixes a Google només hi ha respostes que podria haver escrit una persona de 50 anys o 30 anys.;Però llavors, les nostres fonts d'informació de persones com a generació Z són Pinterest, no com a font d'informació, però sí com a font de buscar fotos d'una persona. No la buscaràs a Google, perquè allà hi haurà la seva foto del puto LinkedIn. Aniràs i la buscaràs a Pinterest, que és on surt hot.;Això els mil·Lennials no ho fan. Els millennials van a puto Google i comencen.
Estic molt nerviosa, t'ho he de dir de veritat. Em fa molta il·lusió. Perquè a més hi ha una cosa que la gent no sap.;Que és que quan jo aquest podcast el feia a casa meva, al meu quarto, i vaig penjar els primers TikToks que tenien 20 seguidors, d'entre aquells 20 seguidors hi havia la puta Juliana Canet.;És que la puta Juliana Canet, jo diré una cosa, estic sempre allà.
Havies de penjar el plan que havies fet aquell dia, saps? Si no, no eres ningú, no eres popular.;O sigui, a mi el fet de ser la popu, és com ara penso en les que eren les popus de veritat i dic, allò no era ser popular, saps? Era cridar l'atenció constantment. I jo no empatitzava gens amb aquelles noies, saps? Les que eren les popus.;"I ara les veig totes mares i dic: ""Què?"""
I a més a més, me'n recordo que veus a mi al rededor, em deien, això és perquè et té enveja. Això és perquè la competència és molt alta i no hi havia més noies fent coses en català.;I a mi això, no sé si et passa, però a mi això quan em fan aquesta mena de comentaris, llavors li agafo automàticament mania en aquella persona i penso, és la meva competència directa. I faré tot el que faci, ho faré expressament per superar-la a ella, per tenir més views que ella, per tenir més engagement que ella.;No sé com portes tu la competència entre noies ara mateix. Jo crec que ara tu i jo ho portem bé.
I aquest capítol parlant del que més ens agrada i el que més odiem a la vegada: Els homes. Avui us fem una classificació.;Ahir a la tarda vam dedicar 5 hores de la nostra vida a fer un esquema. Parlant de tots els tipus d'homes alternativets que ens hem trobat a la nostra vida. A més a més, ho vam fer en un bar superfatxa que jo crec que ens va inspirar una mica, però un bar molt fatxa.;Que no hi havia banderes d'Espanya perquè Estaven tots mirant el futbol, el 8ante5 per 100 de les persones que hi havia a dintre eren homes.
I bueno, total, que jo tenia una il·lusió molt gran a la vida. Que, t'ho juro, eren a First Dates. I llavors, jo quan estava amb parella, jo li comentava a ell, en plan, m'encantaria anar allí, i ell m'havia dit, ah, i ves. I llavors, com que jo estava tan trista per haver-ho deixat en ell, vaig dir, vaig a First Dates, i així.;"I jo pensava que era un procés llarg, o sigui, que fer el càsting, i al cap de molts mesos m'ha agafat, no, no, vaig fer el càsting 2 dies després d'això. Total, que m'agafen de seguida i me diuen cap a Madrid. I allí vaig tindre la cita i al fer la review de la cita, jo, o sigui, a casa meua, després, en el mòbil, aquí, vaig dir la frase de ""jo buscava un catalanet""";Llavors, els mitjans de comunicació van agafar la frase i buscaven un catalanet i van fer un munt d'articles. I a partir d'aquí, en comptes d'enfadar-me en els mitjans, vaig agafar la frase i vaig fer samarretes, gorres i vaig monetitzar això, bàsicament.
I com és una Mira, ara a mi si em diguessin, mostra una conversa de WhatsApp, jo podria mostrar una conversa de WhatsApp amb el noi que m'agrada, podria mostrar una conversa de WhatsApp amb la meva germana, però mai podria mostrar la meva conversa de WhatsApp amb, per exemple, la meva amiga.;Perquè com és una trucada o com és una conversa entre amigues? Allà es diuen unes coses, primer de tot, molt il·legals i de boja absoluta. Es que ja comença a haver coses madness…;Hi ha confessions, potser no per escrit, però una conversa de bar nostra, Álvaro, surt en públic?
I després crec que sí, que hi ha polèmiques on tu has de fer una reflexió. I crec que també és una gran oportunitat per aprendre.;Perquè tots ens equivoquem, i de la mateixa manera que jo a vegades amb els meus grups d'amics he dit coses, o amb la meva germana aquí li vaig dir alguna burrada, i ja em va cancel·lar diguéssim en l'àmbit familiar, i em va fer una petita intervenció. Doncs jo ho vaig agrair, perquè jo vull millorar com a persona, i tots ens equivoquem, i tot se'n surt ser una merda de persona.;Si pots millorar, millor. I a vegades és veritat que seria més agradable que el procés no fos passar perquè cent mil persones t'insultin i et diguin que som normal,
I és que jo crec que la intuïció la tenim tots, però crec que se'ns ensenya com a no fer-li cas, saps?;Però també amb molt de cuidado, i jo això, soc molt pesada i ho estic treballant, jo abans era molt de, si fa això, 100% és una red flag, si diu això, no sé què... És a dir, crec que amb les xarxes socials, com que tots podem parlar, tots diem afirmacions de manera molt fàcil, tots fem molts statements, i llavors quan la intuïció ens diu alguna cosa contrària al que tenim al cap, tendria a pensar que l'equivocació és el que ens surt de dintre.;Mai! L'equivocació surt de dintre. Mai! Si no estàs còmode, si no estàs bé a les cites, stop it.
I és veritat que abans senzillament era el que et tocava, o tenies les tetes boniques o les tenies menys. Bueno, és que totes ho són al final, vull dir, com senzillament més seguint l'estàndard que es creu o menys. I llavors al final, amb la diversitat, te n'anaves a la platja. i ara segurament hi ha com aquest punt extra de dir és que segurament moltes de la platja originalment o per naturalesa les tenien d'una manera i se les han operat i les tenen diferents i no ho pots saber i està bé que cadascú faci el que vulgui però seria innegable dir que això genera una pressió en general.;Sí, a més a més, tots aquests models, no és només que surtin de les ties que van a la platja, sinó que tot surt, osigui, Per què decideixen fer-se-ho elles? Són referents que veiem en cinema o en el porno directament. Jo a vegades veia pel·lis una mica més antigues, sobretot europees, i em sorprenia O sigui, ara queda molt lleig, però saps? Em sorprenia de veure tetes que no eren tetes de Hollywood, per dir-ho d'alguna manera.;Tetes que podien ser com les meves, com les de les meves amigues.
I et diré que jo amb aquest tipus de persona que calla i que O sigui, jo durant una època vaig idealitzar una mica aquest paper.;Crec que això, no és broma, té molt a veure amb el masclisme, perquè mai un noi que crida l'atenció o que diu molt les coses que penses, penses, hòstia, calla ja la puta boca, o potser després sí, però quan ja ets més gran.;Però jo tenia com molt aquesta pressió, això de ser una nena tímida, de passar més discreta, això de, ves, doncs com tu aquell dia, no me'n diré i no diré res, tal, no sé quantos.
I jo em vaig començar a inventar que tenia una família super desestructurada, que el meu pare ens havia abandonat, que la meva mare no sé què Bueno, no vull donar més detalls, però vaig dir, com les vaig dir molt grosses, i l'Àlvaro va dir, ostres, tal, i es va obrir i em va explicar intimitats seves que no explicarem.;I clar, i de sobte quan vaig veure que el seu anava en sèrio i que jo li acabava de fotre una vacilada i una trola que flipes, em vaig sentir tan malament. I jo em vaig començar a inventar que tenia una família super desestructurada, que el meu pare ens havia abandonat, que la meva mare no sé què... Bueno, no vull donar més detalls, però vaig dir, com les vaig dir molt grosses, i l'Àlvaro va dir, ostres, tal, i es va obrir i em va explicar intimitats seves que no explicarem.;Una altra cosa que ha d'haver a les relacions d'amistat és perdó, no?
I la meva germana es va treure al rato dient-li a tios que m'almosseguessin. I jo, Clàudia, para ja, en plan, no, stop. I un tio me'l va mossegar i em va trencar el collar de xutxes però em va trencar el collar, un collar que tinc, que l'aprecio moltíssim, però molt, que el tinc des de fa un muntó de temps, i vaig fer així i dic, on està el meu puto collar.;Total, que vaig anar a la germana, enmig de la discoteca, la vaig agafar dels cabells i… bueno... un xou, ens vam començar a cridar a cara d'hòstia. Jo crec que els segurates no ens traien fora, perquè jo crec que es veia que érem germanes, però estaven com les meves amigues així, flipant. I jo és que em vaig posar molt farruca, però nivell 100.;I què ha passat amb aquest collaret? El vaig trobar al terra perquè vaig cridar tota la discoteca.
I l'altra cosa que també se m'ha dit, i callo ja, però va haver un moment que jo em vaig ficar com a molt piqui amb aquest tema.;Em vaig haver de ficar molt peaky perquè hi havia diverses persones que m'havien dit que és molt fàcil parlar sent una tia extremadament normativa. Ojo, les noies que també som normatives, això no vol dir que estiguem alienes a les pressions estètiques, als cànons de bellesa, perquè la que està grassa perquè està molt grassa, però la que està prima perquè està molt prima.;I evidentment no es pot comparar la pressió estètica que tinc jo, estar en prima, amb la que té una dona gorda, que evidentment ha d'estar tot el rato justificant la seva existència, però això no treu que les inseguritats que també hem pogut tindre nosaltres han sigut molt fortes.
"I me'n recordo l'estiu, abans de començar la uni, que era allò que tots ja sabíem que anava a estudiar tothom, que estàvem, abans de sortir de festa, fent un sopar a casa d'un amic. I vam decidir fer el típic joc aquell de ""Qui és més probable que tal no sé què..."", Tothom matriculat a carreres, que per cert molta gent s'ha canviat i ha deixat, rotllo dret, international business, no sé què, i jo matriculada al meu magisteri a Girona.";Total, que diuen, qui és més probable tingui una vida més mediocre? Menys nivell econòmic, menys no sé què? Tothom ipso facto a l'unísono, a mí. I jo me'n recordo, jo me'n recordo que em va ofendre 0, primer de tot perquè per mi en aquell moment eren èxits, però perquè alhora hi havia una part de mi que projectava això, i me'n recordo pensar, no esteu ready. Que us follin.;I ara tots han deixat la carrera. Però vull dir, és una anècdota que hi penso de dir, com aquelles persones em veien com una fracassada, i ara alguna gent fins i tot m'ha escrit de, no sé què, i jo penso, a vegades potser el que no tocava era amb 17 anys ser un criptobró.
I que és lo natural, i que si la meva filla no està molt pesada amb tot, quan sigui adolescent i no porta totes les ulleres de totes les injustícies del món, me'n fa de bé, saps?;Però, clar, és que després ho veus en perspectiva i dius, uau, què insuportable. O sigui, jo, per exemple, els sopars amb la meva àvia, que és una senyora de 85 anys, No franquista, però en la seva família era catòlica i benestant, llavors és veritat que en la dicotomia comunistes-franquistes li anava millor Franco.;És que és així de cru i de terrible dir-ho, però és veritat. Llavors ella, quan parles de Franco, et diu, bueno, Franco no s'estava Hi havia feina. I jo, en el moment, era M'aixacava, plorava, marxava de casa Totes aquestes coses podria ser jo perfectament, saps?
I que és positiu que hi hagi gent que no li hagi agradat el disc, perquè vol dir que ha arribat a un públic que normalment no té accés a aquesta mena de música, i això vol dir que sou mainstreams.;I també hi ha el percentatge de hate watchers, d'aquesta gent que ho consumeix només per criticar-ho, però ho consumeix, i llavors també és part d'una victòria, això.;Absolutament. I forma part, en realitat, de ser un dels grups més importants ara mateix del panorama.
I relacionat amb això, hi ha la típica frase de Els amics de veritat es demostren a les dolentes. Error! Perquè acompanyar algú que està passant per un molt bon moment és molt complicat, perquè hi ha molta gent que li neixen envejes i jo això ho vaig notar.;Jo, quan de sobte estava en un moment de madness, bueno, totes les amigues fem un cafè, perquè clar, res senta millor que fer un cafè amb una tia que està destrossada i tu estàs dabutis. Ara, de sobte, em comença a anar bé la vida. Hashtag, que difícil la gestió, eh?;Perquè molta penya el que parlàvem de les enveges i de coses no treballades.
I també poder-ho fer com tu vulguis i fer una frase en castellà i fer frases en castellà si cal, perquè jo veig que la gent per tu diu, és que una cosa, per què fer una frase en castellà?;Mira, jo, és que la cosa és que la gent es pensa que és com forçat el castellà i tal, i jo òbviament a ma casa parlo català, però jo en plan, jo tenia una xurri i amb la meva xurri parlava castellà sempre, en plan parlava castellà sempre, perquè ella parlava castellà, ens vam conèixer parlant castellà.;Llavors és com, sí, òbviament parlo català, però jo què sé, si l'escric a la meva ex-xurri, t'estic dient que parlar en castellà no li fotré cançons en català.
I una cosa, i després aquesta, o sigui, és que hi ha gent que no creu en l'amistat, és el que dèiem abans, no? Hi ha gent que no creu en l'amistat, que creu en els nòvios o les nòvies, no?;I jo no penso això, en plan, és com, i aquesta penya fa el comeback, que és aquesta penya que diu hòstia, el meu nòvio m'ha deixat del no sé què, i ara som amiguíssimes un altre cop. Doncs amor, haver-t'ho currat abans, en plan haver-me escoltat, o potser haver generat una conversa entre uns altres, no?;Me cago en el comeback, i jo he prohibit els comebacks de la meva vida, eh? Te n'has anat amb en Dani? Pues et menges al Dani, que t'ha deixat ara! Després de fotre els cuernos a la gent del poble, t'ha deixat en Dani!
I us molesta quan detecteu aquesta exageració? A mi no em molesta, a mi m'agrada molt la gent que diu les coses intensament.;O sigui, crec que em molesta molt quan la gent em lia la troca. O sigui, que tu pots exagerar coses per liar la troca o tu pots exagerar coses perquè t'agrada la performance.;Llavors, crec que tot depèn una mica.
I va haver un moment que vaig dir, és que crec que estic en un moment vital en el que no m'hi quep un nòvio a la meva vida. Però és com, Carla, no tens bé el concepte de nòvio.;Vull dir que crec que també estem acostumats a un model de relació que és tan absorbent, Que llavors també se'ns fa més complicat llençar-nos a la piscina perquè, ho sento, però en el meu entorn jo no paro de veure relacions super tòxiques.;I em fot una por caure ahí a mi.
Jo a mi em passa una cosa que és que sempre he sigut molt quejica, molt de a classe contestar. O sigui, jo no he sigut una nena callada i submissa, però he sigut sempre obedient. Llavors jo he fet les coses sempre sota protesta.;I això és el pitjor dels 2 mons, perquè és com estic obeint amb una puta arruga al front i m'he queixat i soc la més pesada, però ho estic fent igualment. I és una dinàmica de mi mateixa que no m'agrada gens i que penso que m'ha acompanyat fins a l'edat adulta, perquè ara ho segueixo fent i me n'adono. De dir, això és una merda, això està malament, no sé què. I de cop i volta penso, tinc quasi 30 tacos, puc actuar perfectament, puc dir, això no ho faig, no?;Però ja d'entrada em surt tinc prou pensament crític com per veure que algú està mal muntat, però no prou de valentia i segurament una mica de pensament crític també em falta per dir no, jo això no ho faré i em menjaré tots els marrons conseqüents de seguir la meva pròpia intuïció i llavors simplement em queixo.
Jo crec que de seguida detectes que jo estic ací, però que en realitat I jo et puc explicar, com deia Nietzsche, les persones que més coses diuen són les que més amaguen.;Ui, bueno, totalment. Jo et puc fotre una xapa i no dir-te res. I a més aquest és el meu gran talent. Però açò em passa molt, que em protegeixo molt i que tinc com una cuirassa molt bèstia, i que llavors moltes vegades jo crec que sóc freda. Tot i que mai ho diries, jo crec que puc arribar a ser freda, però ho sóc.;I em costa conèixer gent i ser com mig vergonyosa, però em fa mandra…
Jo crec que no sé, perquè vaig veure que deia el meu pare i tal, que era com un racó per tu, com vas tenir el teu moment de tocar l'instrument, que al final, si és veritat que suposo que ens hauríem posat música al cotxe, ens hauria d'agradar, i em penso que tinguin coneixement sobre aquestes coses que els agraden, saps?;L'Irma i jo, que érem les més petites, ja va ser una mica més tard el fet que ho vam demanar nosaltres. O sigui, jo me'n recordo que amb la Irma teníem una amiga que sempre cada tarda després del col·le anàvem a casa seva i la seva família sí que eren músics. O sigui, no músics els pares, però el seu germà tocava un munt d'instruments, ella també tocava superbé i em donava un poc de FOMO.;I tal, menjant en plan, buà, doncs jo vull tocar, vull tocar, i el germà gran d'aquesta amiga tocava el saxo, i jo sempre volia tocar el saxo, volia tocar el saxo pel germà, i vaig estar allà, va, vull tocar el saxo, vull tocar el saxo, i em van apuntar a tocar el saxo, la veritat.
Jo crec que també està bé, o sigui, com aprendre-ho a la vida, treballis del que treballis, perquè jo crec que passa com en molts contextos, que hi ha com diferents capes de l'amistat.;I que pots fer una relació superficial amb algú i ell no vol dir que no t'ho passis de puta mare quan us trobeu, i després tens com la teva gent, que és que hi ha alguna d'aquestes amistats que et fa tant de temps que no es pot explicar, tot i que jo crec que en el disc ho has explicat bastant bé, per lo difícil que a mi em sembla explicar-ho, no? Aquesta cosa és que és algo com molt loco, no?;Elles saben abans que jo el que jo penso.
Jo és que m'encanta com ho has descrit, perquè jo realment, no sé si ho he dit alguna vegada ja, perquè arribats a aquest punt és possible que ja ho hagi dit, però jo a vegades sento que jo soc un cervell que va pel món.;Però jo molts cops sento que jo soc un cervell que va pel món i que em relaciono amb les coses sempre de manera molt i molt cerebral. A mi, quan estic a ioga i et diuen apreta l'esternón, penso, què collons és?;Defineix esternón i llavors hi ha protagonisme.
Jo també et volia preguntar si tens algun consell o alguna cosa que diries a la gent que acompanya malalts de càncer. Perquè de vegades, o si la teva parella té càncer, o si una amiga teva té càncer, una familiar teva té càncer.;Hi ha gent que, davant la desconeixença de què hi ha a l'altra banda, hi ha una paràlisi de dir no sé què fer. I llavors, de vegades es pot llegir com no ha estat al meu costat i senzillament l'altra persona té un atac de pànic de «és que no sé com fer-ho, no la vull cagar, no són temes sensibles, no vull molestar tal».;Clar, això evidentment depèn molt del cas, però sí que diria que no us faci por preguntar, o que no us faci por A veure, depèn de quina manera, evidentment jo no forçaria una conversa si la persona no vol, però que a vegades, clar, tu com a persona que ja té el càncer potser no el vols treure directament,
Jo tenia ja seguidors, i me'n recordo que em seguia tothom de Catalunya, que estava de moda en aquell moment, en Joan Gribé, en Long, tots, tots, tots, en Roger, adolescents, menys tu.;I jo estava molt ratllada perquè pensava, uau, una de 2, o em té mania, perquè ha d'haver dit alguna cosa, però no ho sé, crec que tenim ideals semblants, o és enveja, o no ho sé, què passava?;Perquè em coneixies, és impossible que no em coneguessis, treballàvem les 2 a fer produccions.
Jo tenia una pregunta, i és … si has fet allò coses de marques, en plan, jo què sé empreses de sabates o coses així no t'han dit mai de fer bueno, jo estic en plan, no he fet molta cosa, o sigui, n'ha sortit molta cosa encara;Estic com mig amb Nike i el Barça i tal i ara en teoria potser he fet alguna cosa més que bueno ja ho veureu com tampoc és super emocionant simplement com de tant en tant... És que jo tampoc vull o sigui no vull basar la meva imatge en marques a no ser que m'arribi a algú com que digui bacano, saps?;No, i això també és molt bé. És que és perquè és tot molt natural i jo crec que també funciona molt per això. I que es nota que les teves xarxes les portes tu i que penses el que tu vols.
Jo tinc una norma en escrita per mi molt, molt important… que és, per molt que ja no sigueu amigues, prohibit explicar els secrets que es van explicar durant la relació. Me la suda que haguem acabat fatal, eh?;Si tu, mentre érem amigues, em vas explicar que el teu pare et va abandonar i que tens issues, jo em xapo boca. A veure, hi ha secrets i secrets, hòstia, si és una tonteria que sé i m'has tocat molt els collons, doncs l'explico. Però coses deep, hi ha penya que de veritat...;També depèn de com hagueu acabat. Si teníeu una amistat com molt intensa i una mica tòxica, perquè tampoc es parla molt d'amistats tòxiques, al final, com això, és un caldo de cultiu de madness i acaba tallant i petant per tot arreu, saps?
Jo vaig estar a un concert a Sant Feliu, a Guíxols, a la Porta Ferrara, i estava al costat de tot el teu grupillo de Estaven tan emocionats, pensava Que ho deuen haver vist 50 vegades i els fa una il·lusió.;Estic molt ben rodejada, en plan, jo estic molt ben rodejada i estic molt afortunada i els meus amics, els que penjo més el TikTok i tal, que són els rebre aquests, que ara algun cop els puto paren per davant d'una foto que és això, nipa, saps? Són molt personatges.;Llavors, són els amics que, el que es deia dels eventos, tal, que m'emporto. I jo crec que la gent és com, clar, jo estic amb els meus amics fent broma i faig un TikTok i jo crec que a la gent li mola que sigui natural i que sigui risa.
Jo, amb els amics, quan vam començar a descobrir la nostra sexualitat, era paja de col·legues.;Mira, jo la primera vegada que vaig descobrir el sexe és que un paio a classe ens va dir «Uau, uau, mira, esta tia con 3 tetas». I vam dir, hòstia, ensenyem-lo. I de fet, o sigui, ens ho va ensenyar i tal, i jo em vaig guardar a la web per anar a casa i ensenyar-ho al meu germà i a la meva àvia.;I de fet, de fet, o sigui, ens ho va ensenyar i tal, i jo em vaig guardar a la web per anar a casa i ensenyar-s'ho al meu germà i a la meva àvia. Perquè pensava, hòstia, mira el que he descobert. En plan, us fliparà una tia amb 3 tetes.
La disctoeca Apolo m'agrada molt. L'altre dia m'ho haig de dir, està molt bé, Apolo. Però a mi perquè m'agrada la sala de hits, perquè us he dit que m'agrada la música antiga, i Apolo foten temazos.;Molt ben fet, perquè jo tenia un mal gust d'Apolo, perquè el primer cop que vaig anar, vaig dir, què és aquesta puta basura? Perquè és un puto mundo de teteo. Tia, vaig marxar a les 4, en plan, em cague amb la puta, m'he gastat 15 euros;No puedo más con el teteo. No vaig ni borratxa, perquè estic enfadada amb aquesta discoteca.
La veritat i la mentida no existeix a internet. Llavors, que tu t'obsessionis amb que alguna cosa és mentida i t'obsessionis amb desmentir-ho no té cap mena de sentit. Perquè la gent que ja sap que és mentida seguirà en la posició de saber que és mentida. I la gent que decideix creure-s'ho, s'ho creurà.;I si et decideixen creure que tu ets un imbècil i un classista, pensaran que ets un imbècil i un classista i no els canviaràs d'opinió encara que facis un comunicat.;Per tant, el millor que pots fer és anar tirant endavant. I jo sí que crec que és molt important tenir una gent al voltant, que et sostingui i que et sàpiga fer posar el focus en el lloc correcte, de dir, vale, he de fer una reflexió, no l'he de fer, no l'he de Però no cal obsessionar-s'hi perquè no té cap sentit.
La vida ha anat així, perquè senzillament he començat a treballar Jo crec que passa quan comences a treballar jove, que treballes amb gent que és més gran que tu i té molt de sentit.;També tinc amics més joves que jo, però en general el meu dia a dia és amb gent de 2 anys més gran que jo. I això m'envelleix, perquè les meves amigues són mares, el meu millor amic és un senyor de 40 anys, i llavors, vulguis o no, jo vaig agafant tot aquesta tarannà de senyores.;És literalment la feina. Jo des que he començat a treballar d'això, fa 2 setmanes, 2 caps de setmana seguits, 2 festes de 30.
L'altra dia vam estar amb la Lamine Yamal, abans que se n'anés a la Nations League, i pensava, ostres, és un jugador de futbol, no? Que guanya 1000000, que ara ha signat un gran contracte que el convertirà en un dels millors pagats del Barça, si no no el millor pagat... Té 17 anys, però és que va entrar a la sala amb una personalitat, amb una maduresa;I el discurs que va articular en 20 minuts va ser... O sigui, també té molt a dir, però també té un context d'haver viscut en un barri segurament més complicat, que se sent còmode en el caos, i això també l'ha fet espavilar molt més, perquè també hi trobes gent que en aquell moment potser esperes una entrevista més plana, perquè és un xaval de 17 anys i després surts d'allà i dius, uau.;Jo penso que per molt, o sigui, encara que vinguis d'un context com ell, no?, és que t'oblides de seguida del context, penso. I quan tens die7 anys ja no és ni pels diners, és per tota la pressió mediàtica que hi ha al seu voltant, de qui seran, què s'ha de convertir, fins i tot en el que ja és ara. Jo penso que això ha de ser molt difícil de gestionar, per molt llest que siguis, per molt de baix que vinguis, per molta ajuda que et posi el club.
Les coses ja Cadascú sap on són els seus límits, no? És allò que se li diu el cos d'oportunitats. Els 2 fem pomes i peres, però jo faig millor les pomes i ell fa millor les peres.;Doncs quan arriba una tasca els teus esforços els centris en fer les coses que se't donen bé. Jo porto tota la part empresarial, tota la part de merchan, i l'Uri porta tota la part més creativa de direcció de màrqueting i tot això.;Llavors, a nivell musical, sí que també tenim el nostre rol a l'estudi, sí que fem més, I per exemple, a l'estudi és més, ell és pianista, no és pianista però toca millor el piano, toca Xapurrejo, xapurrejo més.
Les dones no cal anar a buscar catalanets ni l'amor. O sigui, simplement en existir ja atraiem.;Llavors no cal cridar-ho els 4 vents, perquè llavors el que atraus és gent que  jugant de 65 anys que ha de pagar la hipoteca, és el que atraus.;[acaba tema de conversación]
Llavors és com que no Vull dir, la meva vida tampoc ha canviat pas gaire, saps? És un tema estranyíssim, és un tema realment per reflexionar.;Jo crec que ho has clavat amb el tema del reforç positiu, que és molt el meu imperi romà. Perquè jo sóc una persona, s'està treballant això, però sóc una persona que necessita molt reforç positiu. És a dir, per exemple, a mi m'encanta quan quedo amb una amiga i quan arribo a casa m'envien un WhatsApp de que bé ha anat, m'ho he passat superbé.;O sigui, no ho necessito, però vull dir, és una cosa que em fa molt feliç.
Llavors també has de dir, a vegades, no has de dir només les coses bones del producte, sinó també criticar-lo una mica per guanyar-te la confiança de l'altra gent. Una feina que no entenc.;I que a més, jo sempre que veig una publi penso, hòstia, com t'encaixa, o sigui, hi ha certs tipus de persones que tenen aquest caràcter, que poden fer aquestes feines de vendre, d'exagerar una mica, que no els hi sàpiga greu, si diuen una mica de mentideta, saps? Tant de morró per vendre, és una cosa fortíssima, i jo és que és una cosa que em fascina.;No sé si és ben bé una feina exagerada, però sí que crec que es requereix de poder dir, ai sí, m'ha encantat dinar amb tu.
Llavors, a totes les persones famoses catalanes els hem de demanar, ¿cuál es tu desayuno? Perquè un dia ens dedicarem a fer tots els TikToks d'imitant desayunos de famoses catalanes.;Jo esmorzo cafè i el croissant amb pernil i formatge. Sinó, turrada amb aguacate. Bueno, és que me'ls agafo a baix, al Santa Gloria. Que estan molt bons, aquests croissants, són els meus prefes.;[acaba tema de conversación]
Llavors, com portes aquest any d'intensitat màxima?;Perquè, clar ha sigut, o sigui, el boom que ha sigut cap al març o abril jo vaig deixar la feina al març i encara no havia fet el boom i vaig com confiar en què faria el boom i al final ha sigut a l'abril clar;Perquè jo tenia curiositat si no hagués passat tot això què estaries fent? o què estaves fent? jo estava estudiant música al taller de músics l'únic que he tingut a deixar perquè no em donava la vida d'estudiar i era com per estudiar-ho era molt difícil i havies de ficar moltes hores que jo no tenia llavors estaria fent música igualment
Llavors, jo només vull dir que estic unint aquests mons a través dels meus stories en contra de la pressió estètica. Però què eren els stories?;Eren uns stories sobre uns anuncis que em van sortir pagats, o sigui, paid media a Instagram sobre com aprimar-te.;I és el primer any, sempre, evidentment, les xarxes estan plegades de contingut que és molt nociu i que veu de la tradició de pressió estètica i de violència estètica que patim les dones, i els homes també, perquè també en pateixen.
Llavors, m'he comprat una ampolla d'aigua i m'he borrat Tinder.;Jo quan m'ho ha dit avui, al matí, m'ha dit, ja no tinc Tinder, i jo he pensat, se nos está yendo. Lo estamos perdiendo.;Avui he dit moltes frases en castellà. Ja estàs molt espanyola, eh, tu, guapa.
"Llavors, seguint amb el tema de festa, perquè és literalment el fin conductor d'aquest vídeo, volem saber què opines de sortir de festa amb grups grans de gent. I perquè és una merda. Per començar, és de com intentar que a tothom li agradi el mateix lloc per sortir de festa. I després és com ""s'ha perdut una persona"", doncs ja ens trobarà.";Al final es fan grupets petits i no surts 20 de festa ni 10 de festa, eh? Però sempre quan estàs amb un grup de gent, per exemple els de la uni, o en un casal, el que sigui, sempre ens diuen, va, sortim de festa, i jo penso, mira, em fa un pal, perquè, 1, la majoria de la gent que hi ha aquí no em sap el seu nom, i 2, no ens portem bé, llavors m'aporto bé amb una persona, sortiré amb aquella persona i vosaltres me la sudareu la polla, llavors em fa molt de pal.;[acaba tema de conversación]
Mira, a mi això a l'ESO m'ho van dir un dia les meves amigues, em van assentar i em van dir, sentim que no et coneixem. Però crec que hi ha una lluita que he donat com per perduda, que jo només li podia explicar les coses que m'importen de veritat a les meves 3 amigues del poble.;Mira, hi ha una cançó preciosa de Leonard Cohen que es diu In My Secret Life, que a mi m'encanta, que parla com d'aquesta dualitat, de la vida exterior i la vida interior. I jo tinc una vida exterior super rica, perquè soc super expansiva, tinc mil amics, puc parlar de mil coses, puc fotre't una torra que et tomba, però després tinc una vida interior superplena també.;I m'agrada que aquesta vida interior sigui la meva vida secreta. I jo tinc moltíssimes coses que són meves,
Mira, Carla, tu saps l'Emma Chamberlain? Saps que té aquell podcast que es va fer molt viral l'any passat com un moviment que era en plan «Emma, please go to college». Té un punt de classisme, en plan, pobre no, bueno, en el seu cas no, però com tot aquest discurs de que s'ha d'anar a la universitat o que s'ha de llegir x coses per parlar, jo estic super en contra, eh?;Però sí que hi ha un punt de dir, hi ha gent que senzillament és molt tonta. Jo no dic que ho solucionaria llegint un llibre, però sí que hi ha gent que pensa, hòstia, mira't algo, intenta no fer 14 hores al dia al mòbil. En plan, pensa un minut, mira l'infinit i pensa.;Hi ha gent que es nota que no pensa, que no ventila el cap, saps? I que també penso que moltes vegades és com que el contingut blanc sembla que sigui el correcte perquè és com arribes a tothom, però és que arribar a tothom és alhora no arribar a ningú.
Mira, venint cap aquí, m'ha parat una noia que feia anys que no em veia, que em diu, ai, és que de lluny he vist algú que duia aquesta faldilla i he pensat, qui duia aquesta faldilla tan cantona? I clar, després t'he vist a tu i he pensat, ah, vale, i he pensat Això realment em defineix molt.;O sigui, que jo també porto aquesta faldilla en part perquè vull que la gent pensi, mira aquesta, que li la suda completament.;I m'agrada que em mirin pel carrer i saber que la gent està pensant on va aquesta puta loca, que això és una cosa que no genero si vaig amb uns texans.
Mira, vull dir a la Roser, jo crec que tu ets molt així també, que és com, sento que hi ha una gent que li agrada molt tenir amistats grises, en el sentit de dir, com gent amb qui queda un cop cada 6 mesos només per fer un cafè.;Jo soc molt radical, o ets el meu millor amic, i visc amb tu, i som millors amics, i ens ho expliquem tot, etcètera, o som coneguts, i de puta mare quan ens trobem, 2 besos, podem riure, podem passar-nos-ho bé, però no m'enviïs un WhatsApp dient quan quedem, perquè et diré que no i et donaré llargues. O sigui, no puc donar d'una amistat a mitges tintes, saps?;Sí, i m'angoixarà més, perquè pensaré, ostres, ara vull que demà Perquè a més hi ha gent que segur que podríem ser millors amics, el que passa que jo soc o blanco o negre.
No, si tenia molt clar les coses que m'agradaven i a més sempre han estat com molt estables, en plan mai han canviat, etcètera. Però sí que és veritat que no hi havia com un desig molt fort ni un somni molt específic de no, jo vull dedicar-me a tal.;Llavors, de sobte m'ha arribat, hi ha tota aquesta narrativa de l'últim tren, que no saps mai quan passarà, que has d'aprofitar les oportunitats, etcètera. I jo estic molt agraïda d'haver-les aprofitat. No sé fins quan durarà, però vull que duri. Però és veritat que com que, no hi havia un desig molt heavy, em costa molt ara imaginar-me com evolucionarà, saps?... Tot això...;Quan dius desig heavy, què et refereixes? A la part de xarxes socials de influencers o a comunicació en general?
Nois, us ofès que us convidi a un capítol que s'anomena Faig cringe? Depèn, et fem cringe?;Si és que no, no em feu gens de cringe, però sou molt haters, i he pensat que era el vostre tema. Jo, a vegades, m'adono molt de cringe a mi mateix, llavors vaig pensar, superacurate, venir a aquest programa.;En fi, com definiríeu el cringe?
"O com totes aquestes ara que sumen a la moda aquesta de fer vídeos en català, bueno, moda, moda molt relativa. Tipo ""Maquillant-me en català"", "" Em maquillo en català perquè el català s'està perdent"". Suri, 2024, gordi.";I que com més serem més riurem, que jo encantada que tothom faci vídeos en català, però en aquest cas es veu molt clar que jo crec que sumes molt més si tot ho fas en català i calles, i deixes de molestar sobre si ho fas en català, en castellà o en anglès, que si estàs tot el dia fotent la torrada que és tan important fer-ho en català.;I jo crec que això es pot traduir en moltes altres coses, i senzillament si tu tens una perspectiva feminista de la vida i ens estàs ensenyant la teva vida, és probable que en algun moment veiguem això.
O molts cops sembla que, en el meu cas d'una carrera artística, l'èxit és quan tens reconeixement, no? Igual no és això, saps? Perquè igual tu realment feies el mateix que fa temps, però simplement ara se't reconeix. Això vol dir que ara ets més exitosa que abans?;Clar, perquè tu has viscut l'etapa d'artista emergent a ara artista mainstream. Llavors, mentalment, com ha estat la vida d'abans i la vida d'ara?;És que jo pensava, dic, jolín, és que a vegades fa gràcia perquè dius, és que no estic fent res que no fes abans, saps?
"O sigui, aquesta cançó per mi era un canvi, també. És una mica com ""Vale, he tret el tas loco, he fet la gira lo que sigui, i ara puc fer això, també, saps?""";I volia com que el videoclip donés com estigués a l'alçada de la cançó, saps? I al final els artesans, que són els Jordi Lopez, el Soto i tots aquests que fan vídeo, són uns putos cracks. Vam anar a la muntanya, vam gravar a tope i després havíem de gravar a Barcelona, a un plató, i ens vam quedar tirats.;Va vindre una grua a buscar-nos. O sigui, en plan, ha sigut un rodatge bastant dur, en plan, de dir, però ha valgut molt la pena el resultat, ha estat molt guapo.
O sigui, crec que internet, simplement, a vegades, o sigui, com que és molt important que el missatge arribi ràpid i arribi curt, tendim a simplificar les coses, llavors l'exageració és una manera de resumir.;I llavors també penso que genera, i ara diré paraula en anglès, perquè realment genera el que diuen d'això és relatable. En plan, quan algú exagera molt tu sents que tu algun cop també se t'ha fet igual de bo alguna cosa, no?;I penso en la noia aquella que va fer una truita i li va caure al terra i es va posar a plorar perquè tenia un mal dia i es va viralitzar el seu vídeo i després la van haver d'entrevistar tots els mitjans, que també penso, bueno, això també s'ha creixerat de molt.
O sigui, i és això, i al llarg dels anys també m'ha costat trobar el meu estil, perquè si tu veus fotos meves de fa 10 anys, és com, nena, o sigui…prou.;També els temps canvien, perquè són molt dures amb nosaltres mateixes. Jo miro fotos meves de l'ESO amb típica camisa de quadres. I dic, hòstia, Carla, quin outfit més tràgic. Però alhora dic, és que en aquella època anaves al Stradivarius i la samarreta que hi havia, vull dir, jo en aquella època era trendy;Totalment.
O sigui, que quan és un gran dinar i estic supercontent d'allà, sí que tinc moments de descontrol. Però que en general ho he sabut pausar tot una mica, saps? Com les persones gris també a poc a poc van parlant, en plan, és que això va una mica així.;Però mira, un gran senyal que ets una persona pesada de collons com nosaltres, és que jo els dies que estic trista, o no trista, però els dies que no em ve de gust parlar, que dic avui, no perquè estic cansada, em diuen que estàs bé, estàs trista.;I jo no, tio, només estic cansada. Saps? O sigui, que la gent realment espera de tu. Que la petis molt fort tot el rato. Ets el bufó, també, saps?
Paula, de què parlarem avui? Avui parlarem d'un tema que, com bé dius, té a veure amb l'estiu.;És que ara pensava, perdona, ara et responc bé la pregunta, però és que fort que amb lo de la Dana sigui aquesta temporada. Tinc la sensació que fa com anys d'això. Perquè he repassat el que havíem fet aquesta temporada i hem fet de tot, però clar, és que va ser molt heavy el tema de la Dana.;Bé, avui parlarem d'un tema que té a veure amb l'estiu, però que té a veure sobretot amb com nosaltres ens relacionem amb l'estiu i en com percebem que tenim un cos a l'estiu, perquè a l'estiu molts cops hi ha molta gent que torna a prendre consciència que no només és un ésser que és un ànima que volta pels llocs, sinó que aquest voltar pels llocs implica que hi ha un cos que es desplaça i aquest cos té moltes formes i a l'estiu normalment es veu més.
Per cridar la puta atenció i perquè em diguessin, perquè no portes mitjons curts i blancs? M'agraden aquests, però en el fons també era perquè no em molestava el fet que la gent veigués que jo soc diferent de la resta i vaig amb uns mitjons fluorescents.;Mira, venint cap aquí, m'ha parat una noia que feia anys que no em veia, que em diu, ai, és que de lluny he vist algú que duia aquesta faldilla i he pensat, qui duia aquesta faldilla tan cantona?;I clar, després t'he vist a tu i he pensat, ah, vale, i he pensat Això realment em defineix molt.
Per mi anar a Madrid és literalment anar a treballar a muerte, perquè m'ho junto tot. De fet, la setmana passada vaig anar a Tenerife a currar, vaig pillar un volt de Tenerife a Madrid a les 6 del matí, vaig arribar a Madrid, vaig fer un rodatge, per la tarda vaig fer sessió d'estudi, per la nit vaig fer un bolo, el dia següent una sessió d'estudi i el dia següent el rodatge de la cançó que havia gravat el dia anterior.;O sigui, perquè veieu el tema de Madrid que està bastant loco. Però, a mi m'encanta, en veritat, jo m'encanta queixar-me, però és la polla, o sigui, tampoc mola tampoc anar al pal de, ai, estic superocupada, saps?;De fet, la setmana passada vaig anar a Tenerife a currar, vaig pillar un volt de Tenerife a Madrid a les 6 del matí, vaig arribar a Madrid, vaig fer un rodatge, per la tarda vaig fer sessió d'estudi, per la nit vaig fer un bolo, el dia següent una sessió d'estudi i el dia següent el rodatge de la cançó que havia gravat el dia anterior.
Per mi va ser, jo vaig fer el canvi de xip quan vaig ser adolescent i llavors em va començar a entrar la neura de no, he d'anar, he de buscar uns shorts macos, he de buscar un bikini maco, m'he de depilar, si no vaig depilar ja no vull anar a la platja, com, sí que vaig notar aquest canvi.;També perquè la platja fa molt bé moltes coses, o sigui, el sol desgasta la roba, l'aigua de mar, la sal, també, els bolsos queden fets merda, la sorra s'incrusta per allà a les costures dels bolsos i no se'n va mai.;Vull dir que hi ha com un punt que jo, tota la vida, que soc molt de platja, he anat molt a la platja, i quan al poble on estiueixo, també anava molt a la platja, com en el sentit d'aquesta noia del TikTok, de dir, vaig, em faig un bany, torno, tal.
Però això que les dones ens conformem en tan poc, per exemple, hi ha una per mi, la soltera de oro que és Bridget Jones. És una pel·li com supermítica d'una tia que està supersoltera.;I clar, comença la pel·li d'ella, supersoltera, rotllo bufades, espelmes sola, no sé què, i de sobte li comença a tirar a la canya un puto cafre, que és el seu jefe, que, bueno, no començarà a entrar en lo malament que està que el teu jefe tiri a la canya, per molt que tu siguis major d'edat.;Però bueno, venen tios que són uns cafres, però tu com a espectadora estàs vivint la pel·li en plan de Sí, morregeu-vos ja, sigueu un nòvio, perquè tu qualsevol cosa que comporti ja per fi deixar de ser la solterona ja et sembla bé.
Però aquesta és la primera vegada que m'havia sortit com a contingut patrocinat. O sigui, hi ha gent posant diners perquè jo em senti pitjor.;Perquè, clar, jo sempre havia intentat eliminar del meu algoritme aquelles coses que a mi em semblaven particularment nocives. De fet, me'n recordo que un moment de la meva maduresa va ser eliminar certes influencers que em feien sentir malament sobre mi mateixa.;Llavors, que això aparegui en forma de contingut patrocinat m'ha fet plantejar-me, és aquest el pitjor estiu de la història per tenir un cos?
Però bé, em va fer gràcia i també em va saber com greu perquè va ser com Hòstia, realment està com alimentant l'estigma que molts tiktokers com de ball i tal, no sé què, literalment només anaven ballat, que no és el cas. Però vull dir, era com pot ser que, i no dic que no tingui res a dir en el sentit de, jo sóc super llest, jo sé que tinc coses a dir. En plan, jo tampoc tinc res molt interessant.;Però vull dir-te que a mi, que també les diu com amb molt de menyspreu, en plan, ai, és que aquesta tiktoker només balla, i és guapa. Tio, pues ole ella.;En plan, si realment pots sostenir la seva economia només ballant, només, ballant i sent guapa, per què ha de tenir menys mèrit que algú que parla? A mi em sembla que gairebé té més mèrit. O sigui, perquè per mi és molt més difícil ballar i estar guapa tot el dia que no pas xarrar.
Però és que hi ha gent que és com que et treguin el mòbil, però és que la Marta Díaz és com no et treguin el mòbil, algú atentarà contra la teva persona.;Com no paris de fer el subnormal per internet, però no el subnormal en plan dir burrades, no, no, no. Com no paris de ser tan tonta, tia, com pots ser tan tonta?;T'has tregat el seu documental? Jo me l'he cardat pel cul, eh? Quina cosa més mal gravada.
Però ets de les persones que, per exemple, si hi ha 5 dies de pont, surts un, 2, o surts els 5? Intento sortir als 5.;Jo, malauradament, no visc a un pis d'estudiants i no puc fer el que em dóna la gana. I està ma mare que, tot i que sigui fiestera, ma mare vetlla per la meva seguretat. I em diu, Gemma, tu creus que hauries d'anar baixant el ritme? I el meu pare sí que és fiestero, em diu, nena, surt, que jo també feia el mateix.;Però, bueno, a poc a poc, doncs, es va sortint…
Però i vius com una transició, de veritat, que O sigui, jo penso amb la gent que viu a Barcelona i dic, quina llàstima, és que mai viureu aquesta doble vida, aquesta evolució, saps?;També la gent de Barcelona espera el moment pis d'estudiants. Home, és un momentazo això. Que també per descobrir-se un pis d'estudiants, bueno. Déu n'hi do, eh? Quins moments. Jo no tornaria allò, eh?;O sigui, jo ho vaig passar molt malament i vaig tindre males experiències.
Però no ho sé, ara estic una mica més chill, crec. Porto com una setmana chill.;No, jo, en general, soc molt diversa, m'encanta fer coses, soc molt animada, tinc molt FOMO. No ho superaré mai.;És molt esgotador, el FOMO.És molt esgotador. Acabes fent coses que no absurdes.
Però no polèmica en negatiu, o sigui, per mi, perquè una persona polèmica no vol dir una persona conflictiva o algo així, ni molt menys. Tot i que jo puc ser conflictiva, ho admeto.;Doncs no és tant això, sinó per mi una persona polèmica és una persona com, amb una personalitat com forta, definida, que ocupa espai, en plan, aquelles persones que si són a la festa saps que estan a la festa i si no hi són saps que no hi han anat. Per mi això és una persona polèmica, i per tant, quan tu tens una personalitat tan forta, són persones que normalment no els costa mullar-se i tal, i tu crec que destaques molt per mullar-te molt.;Potser sí, és que no ho sé, és que no penso tant en mi. Però, o sigui, jo sí, mira, venia pensant en el tema de ser polèmic i de com Sí, de ser polèmic i pensava justament això que dius, no?
Però per això ara també a mi m'agrada, i això també és un aprenentatge que jo he fet com a cancel·ladora, que també crec que tu pots I a més, és el que també m'agrada de les polèmiques, que també et posen en un compromís a tu quan no ets la que està al centre de la polèmica.;I com a cancel·ladora m'ha passat de dir, hòstia, doncs m'he equivocat i després d'aquest trill hi havia, just després del programa passava X cosa que contextualitzat era diferent, i ara ja sempre em miro els programes abans de criticar. Però clar, és com que a la gent li fa pal, i ho entenc perfectament, eh, en plan, però sigui fred que abans de posar un tuit públic, tio, quin mínim. I a vegades planteja debats que no t'havies plantejat o et posa en situacions incòmodes.;Però la gent pensa, i després es nota molt qui fa el tuit perquè vol likes,
Però sí que és cert que jo aquest tema, per exemple, de la competència encara ara, l'haig de treballar.;Mira, ahir vaig veure un vídeo d'unes coses i vaig veure com moltes creadores de contingut en català i sí que em va fer una mica d'angúnia.;Quan hauria de ser al revés, precisament, crec. És que amb tu em va passar al revés. O sigui, en comptes de pensar, ostres, o amb la Laura Grau, per exemple, en comptes de pensar, ostres, quin angúnia, aquestes noies em poden treure el lloc, per mirar com, que guai!
Però tu per exemple quan surts riu, amb qui surts?;Tinc sempre un grupet d'amigues, que són literalment 3 o 4, és supercòmode sortir amb elles, estic superbé i sé que totes, més o menys, som del mateix rotllo, que no tenim problemes. Aquelles són amb les que estic millor i són amb les que surto més. Si no, potser surto amb una i a vegades hi fem mano a mano.;No soc de sortir amb molta gent, saps? A més, el mano a mano ha sigut la millor època de la meva vida.
Però vull dir, l'amistat femenina és completament el contrari del pal que t'has de mostrar sensible des del primer dia de fet.;Reps una gran penitència si ets tia i ets, com dirien, duro de pelar. En plan, les ties que són poc carinyoses, que els costa molt obrir-se. És com, perquè no confia en mi?;És que és tan diferent, em fa tanta enveja, en plan, jo amb els homes procuro tant, o sigui, procuro, en plan, ei, no sé què, ¿cómo estás?
Però, clar, no sé, és que de vegades deu costar, no? Jo estic molt d'acord amb el que deies abans, Rita, que hi ha d'haver com un coneixement de l'altre per saber fins on exagera o fins on no.;De vegades coneixes algú i et munta una història i que dius, buà, aquesta persona, que bé que em cau, com tal, i llavors l'escoltes 3 cops i te n'adones que tot és una exageració, no?;Llavors, també és una mica com conèixer les persones, és com que cadascú té el volum de l'exageració a un nivell diferent i això et permet entendre-les més o menys al cap del temps.
Però, o sigui, ara fa moltíssim que no tinc polèmica, i a més hi ha polèmiques que ni m'entero, i de vegades són minis polèmiques.;Però, per exemple, jo entro als comentaris del programa del que no sortia d'aquí, de l'Instagram, per què hi ha tant hate? Al·lucino, hi ha moltíssima hate, però clar, no miro mai els comentaris. Llavors hi ha algun diumenge a la tarda que entro a L'Instagram i dic, hòstia, nano. Diumenge arruïnat.;[acaba tema de conversación]
Però, o sigui, jo sí, mira, venia pensant en el tema de ser polèmic i de com Sí, de ser polèmic i pensava justament això que dius, no?;No és que m'identifiqui com una persona polèmica, perquè realment no penso que res del que digui sigui tan gros, no? Que és el que jo penso que és una persona polèmica, algú que quan diu alguna cosa la diu molt grossa, per dalt o per avall o per el cantó que sigui, però que et quedes de dir, hòstia, aquesta persona quina bestiesa ha dit;I jo mai penso que jo estigui dient grans bestieses. Però després és veritat que hi ha una gran part de gent que sí que ho viu com una gran bestiesa, moltes de les coses que jo dic.
Perquè al final el que vull és estar tranquil·la i bé. Si algú em vol acompanyar en aquesta tranquil·litat, és benvingut, però;De fet, jo hauria agradat molt més que algú em preguntés per què, quan tenia nòvio, que no ara que està en soltera, em demanen per què estic soltera, doncs perquè estic molt tranquil·la, i a vegades que estàs en relacions que són un xurro i dius per què en aquell moment ningú em va preguntar per què d'aquell estat en què estava jo, saps?;Totalment.
Perquè hi ha molts famosos, llavors és impossible que tots siguin referents. Però alhora sí que és veritat que tots tenen impactes i hi ha coses en les que jo sí que agraeixo que la gent, ja no et dic que es mulli, però en parli una mica.Sí, jo crec que hi ha algo que també cada cop agraeixo més, que és la demostració amb els fets. i la integració de certs discursos o certes reivindicacions en la teva vida, diguéssim, regular.;I això es veu claríssim, evidentment, en el cas del català, per exemple, de dir jo prefereixo mil vegades algú que em fa tot el contingut en català i m'explica molt més del que pensa i defensa molt més el català només en aquest acte, que no pas la Dulceida, si un dia l'onze de setembre es torna loca i em fa un instastory dient, visca la llengua catalana, a mi m'encanta el català, és que me la suda el que diguis, tia.;"O com totes aquestes ara que sumen a la moda aquesta de fer vídeos en català, bueno, moda, moda molt relativa. Tipo ""Maquillant-me en català"", "" Em maquillo en català perquè el català s'està perdent"". Suri, 2024, gordi."
Podem explaiar-nos igualment en els que escolten música indie i rock i com es creuen superiors.;Són els típics homes que porten la samarreta de Ramones o d'un grup random, que és una samarreta que fa servir per anar a dormir i que vas comprar al Primark fa 12 anys. I et diuen, em pots dir 58 cançons d'aquest grup? Ya me jodería que escoltessis els Ramones i que et creguessis millor per fer això, amore, para.;I llavors hi ha els que jo trobo que són més hot que aquests, que són els que toquen els instruments.
Primera pregunta, facilíssima. Com estàs? Bé, molt contenta. És que a mi m'encanta el Nadal, estic obsessionada amb el Nadal. Porto, he de dir, una setmana, un mes, per parar-ho tot, i he muntat a l'arbre.;I porto un mes anant de compres, comprant-ho tot, és que jo estic super boja. Perquè més o més és el motiu perfecte per ser capitalista tota l'estona. Surto al carrer, em mereixo un cafè de 80 euros. Perquè és Nadal i fa fred.;M'encanta el Nadal, jo estic super contenta.
Que després desenvoluparem quins tipus de gais hi ha, perquè no és ara el moment, no? El fil conductor d'aquest capítol és desenvolupar el tipus de gais que hi ha i per què el meu nòvio es nutria.;Primer de tot, un dia jo li vaig passar una foto del cul de l'Unai al Albert i l'Albert em va dir que era culo de nutria. M'obliga a fer-li l'skin care cada dia, es fa més l'skin care ell que jo.;Però, quin tipus d'esquinker és? Jo què sé, em diu, aquest producte fa això.
Que per cert, el tema de solterona, no et passa que està com molt associat a loca? En plan, quan diuen que una tia de sobte està soltera, tothom ja l'associa com a loca, saps?;Jo estava pensant, amb l'Aitana, que quan ho va deixar amb Miguel Bernardeau, i llavors va començar a sobre com a fer aquells balls i tal, no sé què, la gent va ser com, uà, l'Aitana està dit delulu perquè està soltera, i és com, crec que el fet que estigui soltera no sé del tot si acaba de condicionar que estigui delulu;Jo crec que està de lulo perquè, mira, està en aquest moment, però el fet que ho hagi deixat amb el seu nòvio, que sí que en la ruptura hi ha un moment, hi ha una fase de de lulo.
Què tal el Benidorm Fest?;"Bé, trastocada, encara no m'ho he recuperat. Però perquè és molt intens, molt intens, molt intens, molt intens. A més que em fa gràcia perquè jo deia, quan va acabar el program ""Eufòria"", dic, jolín, és que m'ho estic passant superbé, m'encantaria que seguís, saps? Doncs toma, un altre cop!";"Hi ha una frase castellana que diu, ""cuidado con lo que deseas, porque puede suceder""."
Què tens pensat fer després?;Doncs no ho sé, és que jo el boom aquest el veig com des de fora i des de dintre, llavors no em cato tant, però jo estic currant a muerte i espero que això vagi cap a més. I si no va cap a més, doncs mira, ja m'he quedat amb això.;De la mateixa manera que, per exemple, a mi aquest detall m'agrada molt, però ha tingut com un boom i ara està com tornant a baixar una mica, no molt, però
Quin és el punt mig ideal on estaries còmode?;Sí, jo crec que hi ha una barrera d'oients que a la que no les superes ja passes a ser odiat, perquè ets massa mainstream i les coses que fas ja no molen, però bueno. Quan no hi ha res millor que el mainstream i el pop que arriba a tot arreu i és superpoderós.;[acaba tema de conversación]
Saps quan Eduard Farelo va sortir a protegir la Mushkaa, per exemple? Això és molt tendre, però en realitat, i jo entenc des d'on l'hi neix, i és pare, i òbviament jo també ho faria per la meva filla, però penses, és que la gent que vol creure que la batguia li la muixca està on està, gràcies a l'Eduard Farelo, ho seguiran creient.;Per tant, hi ha una sèrie de veritats i de mentides que ja no són ni veritat ni mentida. O sigui, cadascú viu en la seva pròpia realitat de veritat i mentida, que això ja passa, de natural. Perquè és que això ja passa a les escoles, al fulanito tal, no sé quantos.;Però internet és encara més gros tot, saps? Clar, però és molt bèstia perquè és com clar, és que fa molta ràbia, jo això ho penso molt, fa molta ràbia, perquè, clar, si la polèmica és ets la filla de tal, mira, fa ràbia, però què dir-te.
Seríem capaços d'estar en una relació oberta? Jo, personalment, penso que no, però perquè soc la més insegura…;Quan tens relacions obertes no hi ha res que suportis menys que la gent que et diu «Ai, jo no podria, jo no m'ho imagino, com ho fas?» és insuportable quan et diuen això..;Parla des de l'experiència, és que jo crec que voleu una mira d'storytime.
Si saps que estàs fent puta pena, però ho fas igual perquè te la pela deixes de fer cringe i estàs servint. És la puta fina línia, eh?;Però alhora també la finalínia está en que la gent que moltes vegades és com supercreguda in a good way, se les tatxa de pick-me. Per mi, a favor de les pick-me.;Crec que és misogínia estar en contra d'una persona que és pick-me. Tio, per què està mal vist cridar l'atenció?
Sí, la veritat és que ho porto bastant natural, en plan T'has fet xarxes socials paral·leles?;És que tinc close friends i tinc una compte secundària que no diré el nom. Des de fa molt de temps, però ja no l'utilitzo. Però penjo molta cosa a close friends.;Els que estan a close friends saben que penjo Llavors, com que el seriós és el que no està a close friends, i l'altre de close friends és una barbaritat, que sort que està a close friends.
Sí, mon iaio pobre pateix per mi, en plan, però què fas que ningú o sigui, per què no tens nòvio saps?;I dic, no, a veure, és que realment sí que o sigui, per una banda sí que busco nòvio, però per l'altra no seré en qualsevol merdola, en qualsevol cucaracho, per això també busco estar soltera, o sigui, també prefereixo estar sola abans que mal acompanyada, saps?;Però és que vull dir, és que també podem estar solteres, o sigui, és que estem solteres per voluntat pròpia, o sigui, és que és com Per preparar aquest guió vaig buscar solteria al Google, d'acord?
Sí, però tu te'n recordes del dia que el van fitxar al Barça i ho van pujar a les històries d'Insgtagram?;Ah, sí, un piló de gent penjant fotos d'aquest senyor i jo pensant que jo en el meu cap no podia acceptar que aquest senyor em semblava hot. Doncs jo vaig oblidar la seva cara, ho vaig passar per alt. Però arribar a un punt on una tia s'ha de rendir a vegades... És que el puto mulet, arito... Me cago en mis muertos.;El puto mulet arito s'ha tornat un concepte. Hi ha un piló de gent que surt a TikTok dient El concepte em sembla criminal que un home es faci un mulet i un Arito i jo me baje les braves.
Tens un podcast a Catalunya i no convides? A Cèlia Espanyol! Hola Carla, gràcies per convidar-me, sí, sí. A tu per venir, em fa una il·lusió, boja, eh? És que és veritat que estic a tot arreu, havia d'estar aquí també.;Oi? A més, per molta gent potser això no és gens exclusiu, perquè tu i jo ja hem col·laborat bastant. Però mai, en plan, conversa superíntima d'amigues.;Estic fins i tot a un punt incòmode perquè les converses que tenim tu i jo en privat no sé fins a quin punt podrien ser gravades i és bàsicament el que venim a fer aquí.
Tinc una teoria. Que és que sentir cringe és sentir enveja perquè jo m'he autonalitzat.;I les coses que em fan cringe són coses que realment em fan enveja perquè Per exemple, a mi em fa molt cringe veure un home tocant la guitarra. No puc. No té explicació, però no puc. Però alhora tinc com enveja perquè dic jo mai podria fer aquesta puta pena i que me la sudés tant.;Ah, vale, aquest tipus d'enveja, clar. És perquè no tens consciència de la teva realitat, realment.
Total, Sabela va explicar, crec que va ser en una xerra que va fer els concursants d'Operació Triunfo, però pot ser que m'ho estigui inventant, és igual.;L'important és que ella va explicar una anècdota de que va treure una cançó i no la va escoltar ni Peter, no la va escoltar ningú.;I anys més tard, de sobte, per una pel·li la van necessitar, li van comprar i, evidentment, per tema drets, tu ho sabràs més que ningú, li van començar a pagar una pasta perquè sortia en una pel·li molt famosa. I és com, realment, la cançó és la mateixa.
Tu creus que costa més de detectar el càncer en les persones joves? Que sempre és així? Si creus que el fet de ser una persona jove va fer que aquest procés de diagnòstic s'allargués més i fos potser més incert que en altres casos?;Crec que potser sí. Crec que el meu cas no va ser com el més llarg. O sigui, conec altres expacients també joves que sí que han tingut experiències molt més llargues que la meva, com potser, coses bastant bèsties, no?;I els metges no acaben de trobar exactament què, com en passen del metge normal amb els altres metges. Llavors sí que hi ha un punt de clar, en una persona jove és cert que és poc comú, però sí que passa a vegades, i sí que és una experiència que el diagnòstic de càncer en una persona jove es pugui dilatar bastant en el temps.
Un altre tema també de la solteria que ara està reflexionant molt és que s'associa a la soledat.;Per exemple, un dia, que un tio em va cancel·lar una cita o no sé què, dic, joder, ara tinc un diumenge sola, llet sola, quina merda. Doncs no, vaig dir, no? Celia, tens un diumenge, aprofita'l per a tu tot sola, que guai, saps? Te'n pots anar a fer el que et roti la gana, no has de contentar ningú, fes la teua, saps?;Llavors, jo crec que s'ha de canviar la perspectiva d'això.
Una altra cosa de les que volíem parlar avui, jo crec que, no sé si vivim en l'era de l'exageració o no, però parlàvem que també hi ha un llenguatge, igual que jo parlava d'aquests codis compartits amb les meves amigues, de «és el millor dia de la meva vida», etcètera,;A internet també hi ha com un llenguatge d'exagerat que jo pensava amb el Moltes em pregunteu de les influencers, que és clarament una exageració perquè no t'ho ha preguntat ningú, o potser sí, però són 5 persones, o potser és una publi pagada i la comences fent això.;També la manera en què es parla de productes. A mi em fascina perquè jo mai he fet servir un producte i he sentit la meitat de La fascinació que una influencer qualsevol, o sigui, qualsevol cosa, no té per què ser beauty o roba o el que sigui, però mai jo he provat un producte i he sentit aquest fervor i, en canvi, és com que tota l'estona em penso que realment els productes són capaços de generar el que generen només per com se'n parla.
Una cosa molt més del dia a dia i, a sobre, la sensació de compartir un projecte, saps? Encara que tu siguis la cara i la jefa. I et veus en moltes situacions diferents amb aquestes persones.;M'han vist feta una merda, tiradíssima, havent dormit una hora, dissociada, dient tonteries, et coneixes tot el que et passa també a nivell personal no perquè és que són moltes moltes coses;[acaba tema de conversación]
Una cosa, l'Albert m'estava parlant abans, que el va dir que vindria la Mushka al podcast, i que totes les cayetanetes es van tornar loques.;"Es que lo de les cayetanes és molt loco, en plan, em trobo amb molta típica pija cayetana que flipes, com ""era hetero, pero ahora…"". És que és tan fort i és graciosíssim, en plan, com de cop que em parin cayetanes i em demanin fotos, de veritat, és que per mi és molt top això.";T'ho juro que jo des d'aquí te bendigo perquè moltes amigues meves que eren en plan ara totes són lesbianes perquè és que la puta Mushka
Vaig anar un dia a la perruqueria per primer cop de homes, perquè jo és una cosa que vaig passar molt malament com a persona homosexual de poble, i era anar a la perruqueria d'homes del poble, en plen trauma.;Llavors un dia vaig decidir fer el pas, i clar, devia ser com un dels pocs gais que anava. I què va passar? El tema puente va ser, l'Héctor Bellerín, i em va començar a dir: Tio, és que a mi em mola el rotllo aquest que tens de pantalons amples com l'Héctor Bellerín. I tota l'estona, Héctor Bellerín, Héctor Bellerín, tucutú, tucutú.;I jo pensant, quin conyo és? Em va fer el muler i em deia l'Héctor Bellerín, com l'Héctor Bellerín. El meu perruger és super gay friendly.
Vull dir, tinc com aquesta mini pregunta.;I tu com portes l'etiqueta de la solterona? Algún cop te l'han ficat mai?;És que és lo que soc. I ara és com que me fa una miqueta vergonyeta lo de buscar un catalanet, però és veritat que ho feia una mica per la conya dels matjans que van agafar la frase i tot, eh?
Vull saber, quines col·laboracions t'agradaria fer? Quines repetiries? Quines tornaries a fer en plan que dius, mira, ara que l'he escoltat que ja està fora i tal, potser la tornaria a fer diferent.;"I així col·labos, que repetiria doncs això, la Irma, la Maria, i col·labos soñadas la Rosi i la Angèle. I així col·labos més ""espanyolo"" sería la Judeline. De fet, vaig estar amb ella als Grammys i també vaig xerrar un rato amb ella.";Sí, m'encanta el que fa, és superguai, m'encanta.
